"TIME","RBD","UNIT","WAT_PROC","Value","Flag and Footnotes"
"2011","Belgium","Million cubic metres","Precipitation","24,039.79",""
"2011","Rhine - RBD (BE-Walloon region)","Million cubic metres","Precipitation","705.95",""
"2011","Scheldt/Escaut - RBD (BE-Brussels)","Million cubic metres","Precipitation","132.42",""
"2011","Escaut/Schelde - RBD (BE-Walloon region)","Million cubic metres","Precipitation","2,766.41",""
"2011","Schelde/Escaut - RBD (BE-Flemish region)","Million cubic metres","Precipitation","8,949.76",""
"2011","Meuse/Maas - RBD (BE-Walloon region)","Million cubic metres","Precipitation","10,151.23",""
"2011","Maas/Meuse - RBD (BE-Flemish region)","Million cubic metres","Precipitation","1,262.48",""
"2011","Seine - RBD (BE-Walloon region)","Million cubic metres","Precipitation","71.54",""
"2011","Bulgaria","Million cubic metres","Precipitation",":",""
"2011","Danube - RBD (BG)","Million cubic metres","Precipitation",":",""
"2011","Black Sea - RBD","Million cubic metres","Precipitation",":",""
"2011","East Aegean - RBD (BG)","Million cubic metres","Precipitation",":",""
"2011","West Aegean - RBD (BG)","Million cubic metres","Precipitation",":",""
"2011","Czech Republic","Million cubic metres","Precipitation","49,157",""
"2011","Danube - RBD (CZ)","Million cubic metres","Precipitation","11,827",""
"2011","Labe / Elbe - RBD (CZ)","Million cubic metres","Precipitation","33,199",""
"2011","Odra / Oder - RBD (CZ)","Million cubic metres","Precipitation","4,131",""
"2011","Germany (until 1990 former territory of the FRG)","Million cubic metres","Precipitation","305,231",""
"2011","Danube - RBD (DE)","Million cubic metres","Precipitation","55,022",""
"2011","Rhine - RBD (DE)","Million cubic metres","Precipitation","86,520",""
"2011","Ems - RBD (DE)","Million cubic metres","Precipitation","11,442",""
"2011","Weser - RBD","Million cubic metres","Precipitation","33,772",""
"2011","Elbe / Labe - RBD (DE)","Million cubic metres","Precipitation","68,025",""
"2011","Oder / Odra - RBD (DE)","Million cubic metres","Precipitation","6,575",""
"2011","Maas / Meuse - RBD (DE)","Million cubic metres","Precipitation","2,965",""
"2011","Eider - RBD","Million cubic metres","Precipitation","4,490",""
"2011","Schlei-Trave - RBD","Million cubic metres","Precipitation","5,344",""
"2011","Warnow-Peene - RBD","Million cubic metres","Precipitation","10,867",""
"2011","Ireland","Million cubic metres","Precipitation","89,439",""
"2011","Western Peloponnese - RBD","Million cubic metres","Precipitation","11,710",""
"2011","Northern Peloponnese - RBD","Million cubic metres","Precipitation","6,388",""
"2011","Eastern Peloponnese - RBD","Million cubic metres","Precipitation","6,915",""
"2011","Spain","Million cubic metres","Precipitation","246,632.6",""
"2011","Miño-Sil - RBD (ES)","Million cubic metres","Precipitation",":",""
"2011","Galician Coast - RBD","Million cubic metres","Precipitation",":",""
"2011","Western Cantabrian RBD","Million cubic metres","Precipitation",":",""
"2011","Eastern Cantabrian RBD","Million cubic metres","Precipitation",":",""
"2011","Duero - RBD (ES)","Million cubic metres","Precipitation",":",""
"2011","Tagus - RBD (ES)","Million cubic metres","Precipitation",":",""
"2011","Guadiana - RBD (ES)","Million cubic metres","Precipitation",":",""
"2011","Guadalquivir - RBD","Million cubic metres","Precipitation",":",""
"2011","Andalusia Mediterranean Basins - RBD","Million cubic metres","Precipitation",":",""
"2011","Guadalete and Barbate - RBD","Million cubic metres","Precipitation",":",""
"2011","Tinto, Odiel and Piedras - RBD","Million cubic metres","Precipitation",":",""
"2011","Segura - RBD","Million cubic metres","Precipitation",":",""
"2011","Júcar - RBD","Million cubic metres","Precipitation",":",""
"2011","Ebro - RBD","Million cubic metres","Precipitation",":",""
"2011","Catalonia - RBD","Million cubic metres","Precipitation",":",""
"2011","Balearic Islands - RBD","Million cubic metres","Precipitation",":",""
"2011","Gran Canaria - RBD","Million cubic metres","Precipitation",":",""
"2011","Fuerteventura - RBD","Million cubic metres","Precipitation",":",""
"2011","Lanzarote - RBD","Million cubic metres","Precipitation",":",""
"2011","Tenerife - RBD","Million cubic metres","Precipitation",":",""
"2011","La Palma - RBD","Million cubic metres","Precipitation",":",""
"2011","La Gomera - RBD","Million cubic metres","Precipitation",":",""
"2011","El Hierro - RBD","Million cubic metres","Precipitation",":",""
"2011","Ceuta - RBD","Million cubic metres","Precipitation",":",""
"2011","Melilla - RBD","Million cubic metres","Precipitation",":",""
"2011","France","Million cubic metres","Precipitation","428,158.2",""
"2011","Escaut / Schelde - RBD (FR)","Million cubic metres","Precipitation","12,826.911",""
"2011","Meuse-Chiers - RBD (FR)","Million cubic metres","Precipitation","6,190.489",""
"2011","Sambre - RBD","Million cubic metres","Precipitation","814.213",""
"2011","Rhine - RBD (FR)","Million cubic metres","Precipitation","18,865.366",""
"2011","Moselle-Saar (FR)","Million cubic metres","Precipitation","12,714.083",""
"2011","Upper Rhine and Ill","Million cubic metres","Precipitation","6,151.284",""
"2011","Rhone and the mediterranean coastal rivers - RBD (FR)","Million cubic metres","Precipitation","116,318.256",""
"2011","Coastal streams of the Cote d'Azur","Million cubic metres","Precipitation","12,092.566",""
"2011","Languedoc Roussillon coastals","Million cubic metres","Precipitation","16,836.546",""
"2011","Doubs","Million cubic metres","Precipitation","7,500.291",""
"2011","Durance","Million cubic metres","Precipitation","15,478.793",""
"2011","Ardèche-Gard","Million cubic metres","Precipitation","9,453.86",""
"2011","Haut-Rhône","Million cubic metres","Precipitation","15,327.503",""
"2011","Isère-Drôme","Million cubic metres","Precipitation","16,921.081",""
"2011","Rhône moyen","Million cubic metres","Precipitation","5,685.96",""
"2011","Saône","Million cubic metres","Precipitation","17,021.656",""
"2011","Corse - RBD","Million cubic metres","Precipitation","7,580.609",""
"2011","Adour, Garonne, Dordogne, Charente and Charente and Aquitaine coastal streams - RBD","Million cubic metres","Precipitation","90,008.606",""
"2011","Adour","Million cubic metres","Precipitation","17,400.356",""
"2011","Charente","Million cubic metres","Precipitation","6,614.348",""
"2011","Charente and Aquitaine coastal streams","Million cubic metres","Precipitation","7,260.005",""
"2011","Dordogne","Million cubic metres","Precipitation","18,815.185",""
"2011","Garonne","Million cubic metres","Precipitation","19,759.002",""
"2011","Lot","Million cubic metres","Precipitation","8,535.371",""
"2011","Tarn-Aveyron","Million cubic metres","Precipitation","11,624.338",""
"2011","Loire, the coastal rivers of Vendée and Bretagne - RBD","Million cubic metres","Precipitation","108,526.432",""
"2011","Allier-Upper Loire","Million cubic metres","Precipitation","24,944.611",""
"2011","Lower Loire and coastal rivers of Vendée","Million cubic metres","Precipitation","14,984.691",""
"2011","Middle Loire","Million cubic metres","Precipitation","17,858.56",""
"2011","Mayenne-Sarthe-Loir","Million cubic metres","Precipitation","13,778.868",""
"2011","Vilaine and Brittany coastal streams","Million cubic metres","Precipitation","21,520.542",""
"2011","Vienne-Creuse","Million cubic metres","Precipitation","15,439.16",""
"2011","Seine and the Normandy coastal streams - RBD (FR)","Million cubic metres","Precipitation","67,027.362",""
"2011","Coastal streams of Normandy","Million cubic metres","Precipitation","10,787.625",""
"2011","Marne","Million cubic metres","Precipitation","9,063.57",""
"2011","Oise","Million cubic metres","Precipitation","11,550.671",""
"2011","Seine upstream Paris (FR)","Million cubic metres","Precipitation","22,075.411",""
"2011","Seine downstream Paris (FR)","Million cubic metres","Precipitation","13,550.084",""
"2011","Croatia","Million cubic metres","Precipitation","66,680",""
"2011","Italy","Million cubic metres","Precipitation",":",""
"2011","Eastern Alps - RBD","Million cubic metres","Precipitation",":",""
"2011","Po - RBD (IT)","Million cubic metres","Precipitation",":",""
"2011","Northern Apennines - RBD","Million cubic metres","Precipitation",":",""
"2011","Serchio - RBD","Million cubic metres","Precipitation",":",""
"2011","Middle Apennines - RBD","Million cubic metres","Precipitation",":",""
"2011","Southern Apennines - RBD","Million cubic metres","Precipitation",":",""
"2011","Sardinia - RBD","Million cubic metres","Precipitation",":",""
"2011","Sicily - RBD","Million cubic metres","Precipitation",":",""
"2011","Cyprus","Million cubic metres","Precipitation","3,348",""
"2011","Cyprus - RBD","Million cubic metres","Precipitation","3,348",""
"2011","Latvia","Million cubic metres","Precipitation","42,132",""
"2011","Daugava - RBD (LV)","Million cubic metres","Precipitation","17,080",""
"2011","Gauja (Koiva) - RBD (LV)","Million cubic metres","Precipitation",":",""
"2011","Lielupe - RBD (LV)","Million cubic metres","Precipitation","6,806",""
"2011","Venta - RBD (LV)","Million cubic metres","Precipitation","11,327",""
"2011","Lithuania","Million cubic metres","Precipitation",":",""
"2011","Nemunas - RBD (LT)","Million cubic metres","Precipitation","33,810.63",""
"2011","Venta - RBD (LT)","Million cubic metres","Precipitation",":",""
"2011","Lielupe - RBD (LT)","Million cubic metres","Precipitation",":",""
"2011","Daugava - RBD (LT)","Million cubic metres","Precipitation",":",""
"2011","Luxembourg","Million cubic metres","Precipitation","1,508",""
"2011","Meuse / Maas - RBD (LU)","Million cubic metres","Precipitation","50",""
"2011","Rhine - RBD (LU)","Million cubic metres","Precipitation","1,458",""
"2011","Hungary","Million cubic metres","Precipitation","39,153",""
"2011","Danube - RBD (HU)","Million cubic metres","Precipitation","39,153",""
"2011","Balaton","Million cubic metres","Precipitation","2,291",""
"2011","Dráva / Drau (HU)","Million cubic metres","Precipitation","2,910",""
"2011","Danube (HU)","Million cubic metres","Precipitation","14,400",""
"2011","Tisza / Tysa (HU)","Million cubic metres","Precipitation","19,552",""
"2011","Malta","Million cubic metres","Precipitation","186.77",""
"2011","Malta - RBD","Million cubic metres","Precipitation","186.77",""
"2011","Netherlands","Million cubic metres","Precipitation","31,397.2",""
"2011","Ems - RBD (NL)","Million cubic metres","Precipitation",":",""
"2011","Maas / Meuse - RBD (NL)","Million cubic metres","Precipitation",":",""
"2011","Rhine - RBD (NL)","Million cubic metres","Precipitation",":",""
"2011","Schelde / Escaut - RBD (NL)","Million cubic metres","Precipitation",":",""
"2011","Austria","Million cubic metres","Precipitation","83,256",""
"2011","Danube - RBD (AT)","Million cubic metres","Precipitation","78,568",""
"2011","Danube upstream Jochenstein (AT)","Million cubic metres","Precipitation",":",""
"2011","Danube downstream Jochenstein (AT)","Million cubic metres","Precipitation",":",""
"2011","March / Morava (AT)","Million cubic metres","Precipitation",":",""
"2011","Leitha, Raab, Rabnitz","Million cubic metres","Precipitation",":",""
"2011","Mur","Million cubic metres","Precipitation",":",""
"2011","Drau / Dráva (AT)","Million cubic metres","Precipitation",":",""
"2011","Rhine - RBD (AT)","Million cubic metres","Precipitation","4,044",""
"2011","Elbe / Labe - RBD (AT)","Million cubic metres","Precipitation","644",""
"2011","Poland","Million cubic metres","Precipitation","215,292.3",""
"2011","Danube - RBD (PL)","Million cubic metres","Precipitation","326.9",""
"2011","Vistula / Wisla - RBD (PL)","Million cubic metres","Precipitation","126,715.1",""
"2011","Little Vistula","Million cubic metres","Precipitation","2,896.7",""
"2011","Upper Vistula","Million cubic metres","Precipitation","31,055.5",""
"2011","Middle Vistula without Bug and Narew","Million cubic metres","Precipitation","30,813",""
"2011","Bug and Narew","Million cubic metres","Precipitation","37,780.7",""
"2011","Lower Vistula","Million cubic metres","Precipitation","24,169.2",""
"2011","Swieza - RBD","Million cubic metres","Precipitation","128.5",""
"2011","Jarft - RBD","Million cubic metres","Precipitation","176.3",""
"2011","Labe / Elbe - RBD (PL)","Million cubic metres","Precipitation","220.5",""
"2011","Odra / Oder - RBD (PL)","Million cubic metres","Precipitation","80,323.4",""
"2011","Upper Oder","Million cubic metres","Precipitation","2,596.9",""
"2011","Middle Oder","Million cubic metres","Precipitation","27,061",""
"2011","Warta","Million cubic metres","Precipitation","34,608.5",""
"2011","Lower Oder and Western Coast","Million cubic metres","Precipitation","16,057",""
"2011","Ucker - RBD","Million cubic metres","Precipitation","11.1",""
"2011","Pregolya / Prieglius - RBD (PL)","Million cubic metres","Precipitation","5,454",""
"2011","Nemunas - RBD (PL)","Million cubic metres","Precipitation","1,744.7",""
"2011","Dniester - RBD (PL)","Million cubic metres","Precipitation","202.9",""
"2011","Portugal","Million cubic metres","Precipitation","70,534.5",""
"2011","Romania","Million cubic metres","Precipitation","119,290",""
"2011","Danube - RBD (RO)","Million cubic metres","Precipitation",":",""
"2011","Banat","Million cubic metres","Precipitation",":",""
"2011","Siret","Million cubic metres","Precipitation",":",""
"2011","Prut-Barlad","Million cubic metres","Precipitation",":",""
"2011","Jiu","Million cubic metres","Precipitation",":",""
"2011","Olt","Million cubic metres","Precipitation","14,847",""
"2011","Arges-Vedea","Million cubic metres","Precipitation",":",""
"2011","Ialomita-Buzau","Million cubic metres","Precipitation",":",""
"2011","Dobrogea","Million cubic metres","Precipitation",":",""
"2011","Mures","Million cubic metres","Precipitation",":",""
"2011","Crisuri","Million cubic metres","Precipitation",":",""
"2011","Somes-Tisa (RO)","Million cubic metres","Precipitation",":",""
"2011","Slovenia","Million cubic metres","Precipitation","23,127",""
"2011","Danube - RBD (SI)","Million cubic metres","Precipitation","17,214",""
"2011","North Adriatic - RBD","Million cubic metres","Precipitation","5,913",""
"2011","Slovakia","Million cubic metres","Precipitation","31,790.6",""
"2011","Dunajec and Poprad (Vistula) - RBD (SK)","Million cubic metres","Precipitation","1,659.47",""
"2011","Danube - RBD (SK)","Million cubic metres","Precipitation","30,131.12",""
"2011","Finland","Million cubic metres","Precipitation","254,903",""
"2011","Sweden","Million cubic metres","Precipitation","375,240",""
"2011","Bothnian Bay - RBD (SE)","Million cubic metres","Precipitation","128,995",""
"2011","Bothnian Sea - RBD (SE)","Million cubic metres","Precipitation","117,805",""
"2011","North Baltic Sea - RBD","Million cubic metres","Precipitation","23,467",""
"2011","South Baltic Sea - RBD","Million cubic metres","Precipitation","38,398",""
"2011","Skagerrak and Kattegat - RBD (SE)","Million cubic metres","Precipitation","66,575",""
"2011","Trondelagsfylkene (Bothnian Sea) - RBD (SE)","Million cubic metres","Precipitation","794",""
"2011","Nordland (Bothnian Bay) - RBD (SE)","Million cubic metres","Precipitation","2,871",""
"2011","Troms (Bothnian Bay) - RBD (SE)","Million cubic metres","Precipitation","834",""
"2011","Glomma (Skagerrak and Kattegat) - RBD (SE)","Million cubic metres","Precipitation","1,377",""
"2011","United Kingdom","Million cubic metres","Precipitation",":",""
"2011","Iceland","Million cubic metres","Precipitation","189,993",""
"2011","Norway","Million cubic metres","Precipitation",":",""
"2011","Glomma, Møre and Romsdal - RBD","Million cubic metres","Precipitation",":",""
"2011","Troendelag - RBD (NO)","Million cubic metres","Precipitation",":",""
"2011","Nordland - RBD (NO)","Million cubic metres","Precipitation",":",""
"2011","Troms - RBD (NO)","Million cubic metres","Precipitation",":",""
"2011","Finnmark - RBD","Million cubic metres","Precipitation",":",""
"2011","Glomma - RBD (NO)","Million cubic metres","Precipitation",":",""
"2011","West Bay - RBD","Million cubic metres","Precipitation",":",""
"2011","Agder - RBD","Million cubic metres","Precipitation",":",""
"2011","Rogaland - RBD","Million cubic metres","Precipitation",":",""
"2011","Hordaland - RBD","Million cubic metres","Precipitation",":",""
"2011","Sogn and Fjordane - RBD","Million cubic metres","Precipitation",":",""
"2011","Bothnian Bay - RBD (NO)","Million cubic metres","Precipitation",":",""
"2011","Torne (Torniojoki) - RBD (NO)","Million cubic metres","Precipitation",":",""
"2011","Bothnian Sea - RBD (NO)","Million cubic metres","Precipitation",":",""
"2011","Skagerrak and Kattegat - RBD (NO)","Million cubic metres","Precipitation",":",""
"2011","Kemijoki - RBD (NO)","Million cubic metres","Precipitation",":",""
"2011","Tornionjoki - RBD (FI)","Million cubic metres","Precipitation",":",""
"2011","Switzerland","Million cubic metres","Precipitation","49,767",""
"2011","Rhine - RBD (CH)","Million cubic metres","Precipitation","28,570",""
"2011","Rhône - RBD (CH)","Million cubic metres","Precipitation","5,517",""
"2011","Po - RBD (CH)","Million cubic metres","Precipitation","3,928",""
"2011","Danube - RBD (CH)","Million cubic metres","Precipitation","2,204",""
"2011","Former Yugoslav Republic of Macedonia, the","Million cubic metres","Precipitation",":",""
"2011","Albania","Million cubic metres","Precipitation","20,569",""
"2011","Serbia","Million cubic metres","Precipitation","34,665",""
"2011","Turkey","Million cubic metres","Precipitation","519,083",""
"2011","Bosnia and Herzegovina","Million cubic metres","Precipitation","21,121",""
"2011","Kosovo (under United Nations Security Council Resolution 1244/99)","Million cubic metres","Precipitation","402.8",""
"2012","Belgium","Million cubic metres","Precipitation","29,629.47",""
"2012","Rhine - RBD (BE-Walloon region)","Million cubic metres","Precipitation","983.7",""
"2012","Scheldt/Escaut - RBD (BE-Brussels)","Million cubic metres","Precipitation","158.68",""
"2012","Escaut/Schelde - RBD (BE-Walloon region)","Million cubic metres","Precipitation","3,538.86",""
"2012","Schelde/Escaut - RBD (BE-Flemish region)","Million cubic metres","Precipitation","10,202",""
"2012","Meuse/Maas - RBD (BE-Walloon region)","Million cubic metres","Precipitation","13,257.35",""
"2012","Maas/Meuse - RBD (BE-Flemish region)","Million cubic metres","Precipitation","1,397.8",""
"2012","Seine - RBD (BE-Walloon region)","Million cubic metres","Precipitation","91.08",""
"2012","Bulgaria","Million cubic metres","Precipitation","74,630",""
"2012","Danube - RBD (BG)","Million cubic metres","Precipitation",":",""
"2012","Black Sea - RBD","Million cubic metres","Precipitation",":",""
"2012","East Aegean - RBD (BG)","Million cubic metres","Precipitation",":",""
"2012","West Aegean - RBD (BG)","Million cubic metres","Precipitation",":",""
"2012","Czech Republic","Million cubic metres","Precipitation","53,622",""
"2012","Danube - RBD (CZ)","Million cubic metres","Precipitation","13,134",""
"2012","Labe / Elbe - RBD (CZ)","Million cubic metres","Precipitation","36,180",""
"2012","Odra / Oder - RBD (CZ)","Million cubic metres","Precipitation","4,308",""
"2012","Germany (until 1990 former territory of the FRG)","Million cubic metres","Precipitation","323,582",""
"2012","Danube - RBD (DE)","Million cubic metres","Precipitation","60,873",""
"2012","Rhine - RBD (DE)","Million cubic metres","Precipitation","100,799",""
"2012","Ems - RBD (DE)","Million cubic metres","Precipitation","11,651",""
"2012","Weser - RBD","Million cubic metres","Precipitation","36,610",""
"2012","Elbe / Labe - RBD (DE)","Million cubic metres","Precipitation","67,350",""
"2012","Oder / Odra - RBD (DE)","Million cubic metres","Precipitation","6,380",""
"2012","Maas / Meuse - RBD (DE)","Million cubic metres","Precipitation","3,332",""
"2012","Eider - RBD","Million cubic metres","Precipitation","4,586",""
"2012","Schlei-Trave - RBD","Million cubic metres","Precipitation","4,532",""
"2012","Warnow-Peene - RBD","Million cubic metres","Precipitation","7,812",""
"2012","Ireland","Million cubic metres","Precipitation","92,120",""
"2012","Western Peloponnese - RBD","Million cubic metres","Precipitation",":",""
"2012","Northern Peloponnese - RBD","Million cubic metres","Precipitation",":",""
"2012","Eastern Peloponnese - RBD","Million cubic metres","Precipitation",":",""
"2012","Spain","Million cubic metres","Precipitation","422,481.9",""
"2012","Miño-Sil - RBD (ES)","Million cubic metres","Precipitation",":",""
"2012","Galician Coast - RBD","Million cubic metres","Precipitation",":",""
"2012","Western Cantabrian RBD","Million cubic metres","Precipitation",":",""
"2012","Eastern Cantabrian RBD","Million cubic metres","Precipitation",":",""
"2012","Duero - RBD (ES)","Million cubic metres","Precipitation",":",""
"2012","Tagus - RBD (ES)","Million cubic metres","Precipitation",":",""
"2012","Guadiana - RBD (ES)","Million cubic metres","Precipitation",":",""
"2012","Guadalquivir - RBD","Million cubic metres","Precipitation",":",""
"2012","Andalusia Mediterranean Basins - RBD","Million cubic metres","Precipitation",":",""
"2012","Guadalete and Barbate - RBD","Million cubic metres","Precipitation",":",""
"2012","Tinto, Odiel and Piedras - RBD","Million cubic metres","Precipitation",":",""
"2012","Segura - RBD","Million cubic metres","Precipitation",":",""
"2012","Júcar - RBD","Million cubic metres","Precipitation",":",""
"2012","Ebro - RBD","Million cubic metres","Precipitation",":",""
"2012","Catalonia - RBD","Million cubic metres","Precipitation",":",""
"2012","Balearic Islands - RBD","Million cubic metres","Precipitation",":",""
"2012","Gran Canaria - RBD","Million cubic metres","Precipitation",":",""
"2012","Fuerteventura - RBD","Million cubic metres","Precipitation",":",""
"2012","Lanzarote - RBD","Million cubic metres","Precipitation",":",""
"2012","Tenerife - RBD","Million cubic metres","Precipitation",":",""
"2012","La Palma - RBD","Million cubic metres","Precipitation",":",""
"2012","La Gomera - RBD","Million cubic metres","Precipitation",":",""
"2012","El Hierro - RBD","Million cubic metres","Precipitation",":",""
"2012","Ceuta - RBD","Million cubic metres","Precipitation",":",""
"2012","Melilla - RBD","Million cubic metres","Precipitation",":",""
"2012","France","Million cubic metres","Precipitation","516,008.3",""
"2012","Escaut / Schelde - RBD (FR)","Million cubic metres","Precipitation","17,397.744",""
"2012","Meuse-Chiers - RBD (FR)","Million cubic metres","Precipitation","7,708.375",""
"2012","Sambre - RBD","Million cubic metres","Precipitation","985.835",""
"2012","Rhine - RBD (FR)","Million cubic metres","Precipitation","22,755.525",""
"2012","Moselle-Saar (FR)","Million cubic metres","Precipitation","14,762.475",""
"2012","Upper Rhine and Ill","Million cubic metres","Precipitation","7,993.05",""
"2012","Rhone and the mediterranean coastal rivers - RBD (FR)","Million cubic metres","Precipitation","130,017.153",""
"2012","Coastal streams of the Cote d'Azur","Million cubic metres","Precipitation","11,353.325",""
"2012","Languedoc Roussillon coastals","Million cubic metres","Precipitation","12,124.825",""
"2012","Doubs","Million cubic metres","Precipitation","11,231.603",""
"2012","Durance","Million cubic metres","Precipitation","16,379.902",""
"2012","Ardèche-Gard","Million cubic metres","Precipitation","8,799.73",""
"2012","Haut-Rhône","Million cubic metres","Precipitation","20,488.813",""
"2012","Isère-Drôme","Million cubic metres","Precipitation","19,993.381",""
"2012","Rhône moyen","Million cubic metres","Precipitation","7,244.725",""
"2012","Saône","Million cubic metres","Precipitation","22,400.848",""
"2012","Corse - RBD","Million cubic metres","Precipitation","8,293.706",""
"2012","Adour, Garonne, Dordogne, Charente and Charente and Aquitaine coastal streams - RBD","Million cubic metres","Precipitation","105,219.961",""
"2012","Adour","Million cubic metres","Precipitation","19,289.031",""
"2012","Charente","Million cubic metres","Precipitation","8,516.282",""
"2012","Charente and Aquitaine coastal streams","Million cubic metres","Precipitation","9,203.076",""
"2012","Dordogne","Million cubic metres","Precipitation","22,547.594",""
"2012","Garonne","Million cubic metres","Precipitation","22,147.561",""
"2012","Lot","Million cubic metres","Precipitation","10,267.895",""
"2012","Tarn-Aveyron","Million cubic metres","Precipitation","13,248.522",""
"2012","Loire, the coastal rivers of Vendée and Bretagne - RBD","Million cubic metres","Precipitation","141,113.465",""
"2012","Allier-Upper Loire","Million cubic metres","Precipitation","29,776.599",""
"2012","Lower Loire and coastal rivers of Vendée","Million cubic metres","Precipitation","20,061.016",""
"2012","Middle Loire","Million cubic metres","Precipitation","21,284.616",""
"2012","Mayenne-Sarthe-Loir","Million cubic metres","Precipitation","20,157.347",""
"2012","Vilaine and Brittany coastal streams","Million cubic metres","Precipitation","30,560.071",""
"2012","Vienne-Creuse","Million cubic metres","Precipitation","19,273.816",""
"2012","Seine and the Normandy coastal streams - RBD (FR)","Million cubic metres","Precipitation","82,516.532",""
"2012","Coastal streams of Normandy","Million cubic metres","Precipitation","14,700.119",""
"2012","Marne","Million cubic metres","Precipitation","10,926.867",""
"2012","Oise","Million cubic metres","Precipitation","14,181.945",""
"2012","Seine upstream Paris (FR)","Million cubic metres","Precipitation","26,286.991",""
"2012","Seine downstream Paris (FR)","Million cubic metres","Precipitation","16,420.611",""
"2012","Croatia","Million cubic metres","Precipitation","62,618",""
"2012","Italy","Million cubic metres","Precipitation",":",""
"2012","Eastern Alps - RBD","Million cubic metres","Precipitation",":",""
"2012","Po - RBD (IT)","Million cubic metres","Precipitation",":",""
"2012","Northern Apennines - RBD","Million cubic metres","Precipitation",":",""
"2012","Serchio - RBD","Million cubic metres","Precipitation",":",""
"2012","Middle Apennines - RBD","Million cubic metres","Precipitation",":",""
"2012","Southern Apennines - RBD","Million cubic metres","Precipitation",":",""
"2012","Sardinia - RBD","Million cubic metres","Precipitation",":",""
"2012","Sicily - RBD","Million cubic metres","Precipitation",":",""
"2012","Cyprus","Million cubic metres","Precipitation","4,737",""
"2012","Cyprus - RBD","Million cubic metres","Precipitation","4,737",""
"2012","Latvia","Million cubic metres","Precipitation","48,495",""
"2012","Daugava - RBD (LV)","Million cubic metres","Precipitation","22,478",""
"2012","Gauja (Koiva) - RBD (LV)","Million cubic metres","Precipitation",":",""
"2012","Lielupe - RBD (LV)","Million cubic metres","Precipitation","5,568",""
"2012","Venta - RBD (LV)","Million cubic metres","Precipitation","11,023",""
"2012","Lithuania","Million cubic metres","Precipitation","51,597.88",""
"2012","Nemunas - RBD (LT)","Million cubic metres","Precipitation","37,862.35",""
"2012","Venta - RBD (LT)","Million cubic metres","Precipitation","5,034.49",""
"2012","Lielupe - RBD (LT)","Million cubic metres","Precipitation","7,157.87",""
"2012","Daugava - RBD (LT)","Million cubic metres","Precipitation","1,543.17",""
"2012","Luxembourg","Million cubic metres","Precipitation",":",""
"2012","Meuse / Maas - RBD (LU)","Million cubic metres","Precipitation",":",""
"2012","Rhine - RBD (LU)","Million cubic metres","Precipitation",":",""
"2012","Hungary","Million cubic metres","Precipitation","45,384",""
"2012","Danube - RBD (HU)","Million cubic metres","Precipitation","45,384",""
"2012","Balaton","Million cubic metres","Precipitation","2,898",""
"2012","Dráva / Drau (HU)","Million cubic metres","Precipitation","3,679",""
"2012","Danube (HU)","Million cubic metres","Precipitation","17,624",""
"2012","Tisza / Tysa (HU)","Million cubic metres","Precipitation","21,327",""
"2012","Malta","Million cubic metres","Precipitation","164.08",""
"2012","Malta - RBD","Million cubic metres","Precipitation","164.08",""
"2012","Netherlands","Million cubic metres","Precipitation","34,987",""
"2012","Ems - RBD (NL)","Million cubic metres","Precipitation",":",""
"2012","Maas / Meuse - RBD (NL)","Million cubic metres","Precipitation",":",""
"2012","Rhine - RBD (NL)","Million cubic metres","Precipitation",":",""
"2012","Schelde / Escaut - RBD (NL)","Million cubic metres","Precipitation",":",""
"2012","Austria","Million cubic metres","Precipitation",":",""
"2012","Danube - RBD (AT)","Million cubic metres","Precipitation",":",""
"2012","Danube upstream Jochenstein (AT)","Million cubic metres","Precipitation",":",""
"2012","Danube downstream Jochenstein (AT)","Million cubic metres","Precipitation",":",""
"2012","March / Morava (AT)","Million cubic metres","Precipitation",":",""
"2012","Leitha, Raab, Rabnitz","Million cubic metres","Precipitation",":",""
"2012","Mur","Million cubic metres","Precipitation",":",""
"2012","Drau / Dráva (AT)","Million cubic metres","Precipitation",":",""
"2012","Rhine - RBD (AT)","Million cubic metres","Precipitation",":",""
"2012","Elbe / Labe - RBD (AT)","Million cubic metres","Precipitation",":",""
"2012","Poland","Million cubic metres","Precipitation","195,939.6",""
"2012","Danube - RBD (PL)","Million cubic metres","Precipitation","303.5",""
"2012","Vistula / Wisla - RBD (PL)","Million cubic metres","Precipitation","112,720.3",""
"2012","Little Vistula","Million cubic metres","Precipitation","2,881.8",""
"2012","Upper Vistula","Million cubic metres","Precipitation","28,688.6",""
"2012","Middle Vistula without Bug and Narew","Million cubic metres","Precipitation","25,930.1",""
"2012","Bug and Narew","Million cubic metres","Precipitation","32,307.5",""
"2012","Lower Vistula","Million cubic metres","Precipitation","22,912.4",""
"2012","Swieza - RBD","Million cubic metres","Precipitation","124",""
"2012","Jarft - RBD","Million cubic metres","Precipitation","174.3",""
"2012","Labe / Elbe - RBD (PL)","Million cubic metres","Precipitation","228.1",""
"2012","Odra / Oder - RBD (PL)","Million cubic metres","Precipitation","75,327.2",""
"2012","Upper Oder","Million cubic metres","Precipitation","2,495.5",""
"2012","Middle Oder","Million cubic metres","Precipitation","25,718",""
"2012","Warta","Million cubic metres","Precipitation","32,983.6",""
"2012","Lower Oder and Western Coast","Million cubic metres","Precipitation","14,130.2",""
"2012","Ucker - RBD","Million cubic metres","Precipitation","8.9",""
"2012","Pregolya / Prieglius - RBD (PL)","Million cubic metres","Precipitation","5,312.3",""
"2012","Nemunas - RBD (PL)","Million cubic metres","Precipitation","1,541.7",""
"2012","Dniester - RBD (PL)","Million cubic metres","Precipitation","208.2",""
"2012","Portugal","Million cubic metres","Precipitation",":",""
"2012","Romania","Million cubic metres","Precipitation","148,798.3",""
"2012","Danube - RBD (RO)","Million cubic metres","Precipitation","148,798.3",""
"2012","Banat","Million cubic metres","Precipitation","12,963.17",""
"2012","Siret","Million cubic metres","Precipitation","17,984.22",""
"2012","Prut-Barlad","Million cubic metres","Precipitation","10,812.82",""
"2012","Jiu","Million cubic metres","Precipitation","10,452.79",""
"2012","Olt","Million cubic metres","Precipitation","15,608.73",""
"2012","Arges-Vedea","Million cubic metres","Precipitation","13,971.64",""
"2012","Ialomita-Buzau","Million cubic metres","Precipitation","16,412.8",""
"2012","Dobrogea","Million cubic metres","Precipitation","8,429.28",""
"2012","Mures","Million cubic metres","Precipitation","17,600.8",""
"2012","Crisuri","Million cubic metres","Precipitation","9,842.28",""
"2012","Somes-Tisa (RO)","Million cubic metres","Precipitation","14,715.5",""
"2012","Slovenia","Million cubic metres","Precipitation","30,156",""
"2012","Danube - RBD (SI)","Million cubic metres","Precipitation","23,156",""
"2012","North Adriatic - RBD","Million cubic metres","Precipitation","7,000",""
"2012","Slovakia","Million cubic metres","Precipitation","34,848.6",""
"2012","Dunajec and Poprad (Vistula) - RBD (SK)","Million cubic metres","Precipitation","1,568",""
"2012","Danube - RBD (SK)","Million cubic metres","Precipitation","33,280.57",""
"2012","Finland","Million cubic metres","Precipitation","273,591",""
"2012","Sweden","Million cubic metres","Precipitation","387,626.31",""
"2012","Bothnian Bay - RBD (SE)","Million cubic metres","Precipitation","126,958",""
"2012","Bothnian Sea - RBD (SE)","Million cubic metres","Precipitation","119,484.46",""
"2012","North Baltic Sea - RBD","Million cubic metres","Precipitation","31,073.98",""
"2012","South Baltic Sea - RBD","Million cubic metres","Precipitation","38,663.94",""
"2012","Skagerrak and Kattegat - RBD (SE)","Million cubic metres","Precipitation","71,445.93",""
"2012","Trondelagsfylkene (Bothnian Sea) - RBD (SE)","Million cubic metres","Precipitation","1,023.13",""
"2012","Nordland (Bothnian Bay) - RBD (SE)","Million cubic metres","Precipitation","2,106.77",""
"2012","Troms (Bothnian Bay) - RBD (SE)","Million cubic metres","Precipitation","816.9",""
"2012","Glomma (Skagerrak and Kattegat) - RBD (SE)","Million cubic metres","Precipitation","1,395.53",""
"2012","United Kingdom","Million cubic metres","Precipitation",":",""
"2012","Iceland","Million cubic metres","Precipitation","168,420",""
"2012","Norway","Million cubic metres","Precipitation",":",""
"2012","Glomma, Møre and Romsdal - RBD","Million cubic metres","Precipitation",":",""
"2012","Troendelag - RBD (NO)","Million cubic metres","Precipitation",":",""
"2012","Nordland - RBD (NO)","Million cubic metres","Precipitation",":",""
"2012","Troms - RBD (NO)","Million cubic metres","Precipitation",":",""
"2012","Finnmark - RBD","Million cubic metres","Precipitation",":",""
"2012","Glomma - RBD (NO)","Million cubic metres","Precipitation",":",""
"2012","West Bay - RBD","Million cubic metres","Precipitation",":",""
"2012","Agder - RBD","Million cubic metres","Precipitation",":",""
"2012","Rogaland - RBD","Million cubic metres","Precipitation",":",""
"2012","Hordaland - RBD","Million cubic metres","Precipitation",":",""
"2012","Sogn and Fjordane - RBD","Million cubic metres","Precipitation",":",""
"2012","Bothnian Bay - RBD (NO)","Million cubic metres","Precipitation",":",""
"2012","Torne (Torniojoki) - RBD (NO)","Million cubic metres","Precipitation",":",""
"2012","Bothnian Sea - RBD (NO)","Million cubic metres","Precipitation",":",""
"2012","Skagerrak and Kattegat - RBD (NO)","Million cubic metres","Precipitation",":",""
"2012","Kemijoki - RBD (NO)","Million cubic metres","Precipitation",":",""
"2012","Tornionjoki - RBD (FI)","Million cubic metres","Precipitation",":",""
"2012","Switzerland","Million cubic metres","Precipitation","61,785",""
"2012","Rhine - RBD (CH)","Million cubic metres","Precipitation","36,123",""
"2012","Rhône - RBD (CH)","Million cubic metres","Precipitation","7,905",""
"2012","Po - RBD (CH)","Million cubic metres","Precipitation","3,964",""
"2012","Danube - RBD (CH)","Million cubic metres","Precipitation","2,354",""
"2012","Former Yugoslav Republic of Macedonia, the","Million cubic metres","Precipitation",":",""
"2012","Albania","Million cubic metres","Precipitation","43,050",""
"2012","Serbia","Million cubic metres","Precipitation","46,082",""
"2012","Turkey","Million cubic metres","Precipitation","695,171.1",""
"2012","Bosnia and Herzegovina","Million cubic metres","Precipitation","31,675",""
"2012","Kosovo (under United Nations Security Council Resolution 1244/99)","Million cubic metres","Precipitation","556.6",""
"2013","Belgium","Million cubic metres","Precipitation","23,480.28",""
"2013","Rhine - RBD (BE-Walloon region)","Million cubic metres","Precipitation","841.1",""
"2013","Scheldt/Escaut - RBD (BE-Brussels)","Million cubic metres","Precipitation","132.58",""
"2013","Escaut/Schelde - RBD (BE-Walloon region)","Million cubic metres","Precipitation","3,108.47",""
"2013","Schelde/Escaut - RBD (BE-Flemish region)","Million cubic metres","Precipitation","6,983.62",""
"2013","Meuse/Maas - RBD (BE-Walloon region)","Million cubic metres","Precipitation","11,393.68",""
"2013","Maas/Meuse - RBD (BE-Flemish region)","Million cubic metres","Precipitation","939.02",""
"2013","Seine - RBD (BE-Walloon region)","Million cubic metres","Precipitation","81.81",""
"2013","Bulgaria","Million cubic metres","Precipitation","70,865",""
"2013","Danube - RBD (BG)","Million cubic metres","Precipitation",":",""
"2013","Black Sea - RBD","Million cubic metres","Precipitation",":",""
"2013","East Aegean - RBD (BG)","Million cubic metres","Precipitation",":",""
"2013","West Aegean - RBD (BG)","Million cubic metres","Precipitation",":",""
"2013","Czech Republic","Million cubic metres","Precipitation","56,430",""
"2013","Danube - RBD (CZ)","Million cubic metres","Precipitation","14,463",""
"2013","Labe / Elbe - RBD (CZ)","Million cubic metres","Precipitation","37,618",""
"2013","Odra / Oder - RBD (CZ)","Million cubic metres","Precipitation","4,349",""
"2013","Germany (until 1990 former territory of the FRG)","Million cubic metres","Precipitation","328,195",""
"2013","Danube - RBD (DE)","Million cubic metres","Precipitation","60,311",""
"2013","Rhine - RBD (DE)","Million cubic metres","Precipitation","98,155",""
"2013","Ems - RBD (DE)","Million cubic metres","Precipitation","10,663",""
"2013","Weser - RBD","Million cubic metres","Precipitation","36,941",""
"2013","Elbe / Labe - RBD (DE)","Million cubic metres","Precipitation","73,332",""
"2013","Oder / Odra - RBD (DE)","Million cubic metres","Precipitation","6,036",""
"2013","Maas / Meuse - RBD (DE)","Million cubic metres","Precipitation","2,881",""
"2013","Eider - RBD","Million cubic metres","Precipitation","3,997",""
"2013","Schlei-Trave - RBD","Million cubic metres","Precipitation","4,636",""
"2013","Warnow-Peene - RBD","Million cubic metres","Precipitation","8,924",""
"2013","Ireland","Million cubic metres","Precipitation","83,886",""
"2013","Western Peloponnese - RBD","Million cubic metres","Precipitation",":",""
"2013","Northern Peloponnese - RBD","Million cubic metres","Precipitation",":",""
"2013","Eastern Peloponnese - RBD","Million cubic metres","Precipitation",":",""
"2013","Spain","Million cubic metres","Precipitation","263,370.6",""
"2013","Miño-Sil - RBD (ES)","Million cubic metres","Precipitation",":",""
"2013","Galician Coast - RBD","Million cubic metres","Precipitation",":",""
"2013","Western Cantabrian RBD","Million cubic metres","Precipitation",":",""
"2013","Eastern Cantabrian RBD","Million cubic metres","Precipitation",":",""
"2013","Duero - RBD (ES)","Million cubic metres","Precipitation",":",""
"2013","Tagus - RBD (ES)","Million cubic metres","Precipitation",":",""
"2013","Guadiana - RBD (ES)","Million cubic metres","Precipitation",":",""
"2013","Guadalquivir - RBD","Million cubic metres","Precipitation",":",""
"2013","Andalusia Mediterranean Basins - RBD","Million cubic metres","Precipitation",":",""
"2013","Guadalete and Barbate - RBD","Million cubic metres","Precipitation",":",""
"2013","Tinto, Odiel and Piedras - RBD","Million cubic metres","Precipitation",":",""
"2013","Segura - RBD","Million cubic metres","Precipitation",":",""
"2013","Júcar - RBD","Million cubic metres","Precipitation",":",""
"2013","Ebro - RBD","Million cubic metres","Precipitation",":",""
"2013","Catalonia - RBD","Million cubic metres","Precipitation",":",""
"2013","Balearic Islands - RBD","Million cubic metres","Precipitation",":",""
"2013","Gran Canaria - RBD","Million cubic metres","Precipitation",":",""
"2013","Fuerteventura - RBD","Million cubic metres","Precipitation",":",""
"2013","Lanzarote - RBD","Million cubic metres","Precipitation",":",""
"2013","Tenerife - RBD","Million cubic metres","Precipitation",":",""
"2013","La Palma - RBD","Million cubic metres","Precipitation",":",""
"2013","La Gomera - RBD","Million cubic metres","Precipitation",":",""
"2013","El Hierro - RBD","Million cubic metres","Precipitation",":",""
"2013","Ceuta - RBD","Million cubic metres","Precipitation",":",""
"2013","Melilla - RBD","Million cubic metres","Precipitation",":",""
"2013","France","Million cubic metres","Precipitation","578,551.654",""
"2013","Escaut / Schelde - RBD (FR)","Million cubic metres","Precipitation","14,939.342",""
"2013","Meuse-Chiers - RBD (FR)","Million cubic metres","Precipitation","8,089.401",""
"2013","Sambre - RBD","Million cubic metres","Precipitation","970.306",""
"2013","Rhine - RBD (FR)","Million cubic metres","Precipitation","25,368.396",""
"2013","Moselle-Saar (FR)","Million cubic metres","Precipitation","17,238.534",""
"2013","Upper Rhine and Ill","Million cubic metres","Precipitation","8,129.863",""
"2013","Rhone and the mediterranean coastal rivers - RBD (FR)","Million cubic metres","Precipitation","145,835.33",""
"2013","Coastal streams of the Cote d'Azur","Million cubic metres","Precipitation","14,130.815",""
"2013","Languedoc Roussillon coastals","Million cubic metres","Precipitation","16,540.626",""
"2013","Doubs","Million cubic metres","Precipitation","10,539.162",""
"2013","Durance","Million cubic metres","Precipitation","19,164.838",""
"2013","Ardèche-Gard","Million cubic metres","Precipitation","11,401.804",""
"2013","Haut-Rhône","Million cubic metres","Precipitation","21,332.785",""
"2013","Isère-Drôme","Million cubic metres","Precipitation","21,288.066",""
"2013","Rhône moyen","Million cubic metres","Precipitation","7,714.485",""
"2013","Saône","Million cubic metres","Precipitation","23,722.749",""
"2013","Corse - RBD","Million cubic metres","Precipitation","10,429.724",""
"2013","Adour, Garonne, Dordogne, Charente and Charente and Aquitaine coastal streams - RBD","Million cubic metres","Precipitation","139,962.654",""
"2013","Adour","Million cubic metres","Precipitation","28,771.747",""
"2013","Charente","Million cubic metres","Precipitation","9,471.492",""
"2013","Charente and Aquitaine coastal streams","Million cubic metres","Precipitation","11,832.024",""
"2013","Dordogne","Million cubic metres","Precipitation","27,657.667",""
"2013","Garonne","Million cubic metres","Precipitation","33,119.56",""
"2013","Lot","Million cubic metres","Precipitation","12,543.266",""
"2013","Tarn-Aveyron","Million cubic metres","Precipitation","16,566.898",""
"2013","Loire, the coastal rivers of Vendée and Bretagne - RBD","Million cubic metres","Precipitation","147,335.143",""
"2013","Allier-Upper Loire","Million cubic metres","Precipitation","33,885.815",""
"2013","Lower Loire and coastal rivers of Vendée","Million cubic metres","Precipitation","20,527.794",""
"2013","Middle Loire","Million cubic metres","Precipitation","24,102.539",""
"2013","Mayenne-Sarthe-Loir","Million cubic metres","Precipitation","18,519.153",""
"2013","Vilaine and Brittany coastal streams","Million cubic metres","Precipitation","28,959.218",""
"2013","Vienne-Creuse","Million cubic metres","Precipitation","21,340.623",""
"2013","Seine and the Normandy coastal streams - RBD (FR)","Million cubic metres","Precipitation","85,582.404",""
"2013","Coastal streams of Normandy","Million cubic metres","Precipitation","13,101.446",""
"2013","Marne","Million cubic metres","Precipitation","12,077.732",""
"2013","Oise","Million cubic metres","Precipitation","13,731.796",""
"2013","Seine upstream Paris (FR)","Million cubic metres","Precipitation","31,534.442",""
"2013","Seine downstream Paris (FR)","Million cubic metres","Precipitation","15,136.987",""
"2013","Croatia","Million cubic metres","Precipitation",":",""
"2013","Italy","Million cubic metres","Precipitation",":",""
"2013","Eastern Alps - RBD","Million cubic metres","Precipitation",":",""
"2013","Po - RBD (IT)","Million cubic metres","Precipitation",":",""
"2013","Northern Apennines - RBD","Million cubic metres","Precipitation",":",""
"2013","Serchio - RBD","Million cubic metres","Precipitation",":",""
"2013","Middle Apennines - RBD","Million cubic metres","Precipitation",":",""
"2013","Southern Apennines - RBD","Million cubic metres","Precipitation",":",""
"2013","Sardinia - RBD","Million cubic metres","Precipitation",":",""
"2013","Sicily - RBD","Million cubic metres","Precipitation",":",""
"2013","Cyprus","Million cubic metres","Precipitation","1,770",""
"2013","Cyprus - RBD","Million cubic metres","Precipitation","1,770",""
"2013","Latvia","Million cubic metres","Precipitation","40,641",""
"2013","Daugava - RBD (LV)","Million cubic metres","Precipitation",":",""
"2013","Gauja (Koiva) - RBD (LV)","Million cubic metres","Precipitation",":",""
"2013","Lielupe - RBD (LV)","Million cubic metres","Precipitation",":",""
"2013","Venta - RBD (LV)","Million cubic metres","Precipitation",":",""
"2013","Lithuania","Million cubic metres","Precipitation","43,151.54",""
"2013","Nemunas - RBD (LT)","Million cubic metres","Precipitation","32,819.85",""
"2013","Venta - RBD (LT)","Million cubic metres","Precipitation","4,039.27",""
"2013","Lielupe - RBD (LT)","Million cubic metres","Precipitation","5,196.79",""
"2013","Daugava - RBD (LT)","Million cubic metres","Precipitation","1,095.63",""
"2013","Luxembourg","Million cubic metres","Precipitation",":",""
"2013","Meuse / Maas - RBD (LU)","Million cubic metres","Precipitation",":",""
"2013","Rhine - RBD (LU)","Million cubic metres","Precipitation",":",""
"2013","Hungary","Million cubic metres","Precipitation","62,031",""
"2013","Danube - RBD (HU)","Million cubic metres","Precipitation","62,031",""
"2013","Balaton","Million cubic metres","Precipitation","4,656",""
"2013","Dráva / Drau (HU)","Million cubic metres","Precipitation","5,073",""
"2013","Danube (HU)","Million cubic metres","Precipitation","23,407",""
"2013","Tisza / Tysa (HU)","Million cubic metres","Precipitation","28,854",""
"2013","Malta","Million cubic metres","Precipitation","151.54",""
"2013","Malta - RBD","Million cubic metres","Precipitation","151.54",""
"2013","Netherlands","Million cubic metres","Precipitation","30,496.9",""
"2013","Ems - RBD (NL)","Million cubic metres","Precipitation",":",""
"2013","Maas / Meuse - RBD (NL)","Million cubic metres","Precipitation",":",""
"2013","Rhine - RBD (NL)","Million cubic metres","Precipitation",":",""
"2013","Schelde / Escaut - RBD (NL)","Million cubic metres","Precipitation",":",""
"2013","Austria","Million cubic metres","Precipitation",":",""
"2013","Danube - RBD (AT)","Million cubic metres","Precipitation",":",""
"2013","Danube upstream Jochenstein (AT)","Million cubic metres","Precipitation",":",""
"2013","Danube downstream Jochenstein (AT)","Million cubic metres","Precipitation",":",""
"2013","March / Morava (AT)","Million cubic metres","Precipitation",":",""
"2013","Leitha, Raab, Rabnitz","Million cubic metres","Precipitation",":",""
"2013","Mur","Million cubic metres","Precipitation",":",""
"2013","Drau / Dráva (AT)","Million cubic metres","Precipitation",":",""
"2013","Rhine - RBD (AT)","Million cubic metres","Precipitation",":",""
"2013","Elbe / Labe - RBD (AT)","Million cubic metres","Precipitation",":",""
"2013","Poland","Million cubic metres","Precipitation","210,148.9",""
"2013","Danube - RBD (PL)","Million cubic metres","Precipitation","298.4",""
"2013","Vistula / Wisla - RBD (PL)","Million cubic metres","Precipitation","122,544.1",""
"2013","Little Vistula","Million cubic metres","Precipitation","3,344.2",""
"2013","Upper Vistula","Million cubic metres","Precipitation","30,469.8",""
"2013","Middle Vistula without Bug and Narew","Million cubic metres","Precipitation","30,454.9",""
"2013","Bug and Narew","Million cubic metres","Precipitation","36,542.9",""
"2013","Lower Vistula","Million cubic metres","Precipitation","21,732.2",""
"2013","Swieza - RBD","Million cubic metres","Precipitation","106",""
"2013","Jarft - RBD","Million cubic metres","Precipitation","149.2",""
"2013","Labe / Elbe - RBD (PL)","Million cubic metres","Precipitation","218.1",""
"2013","Odra / Oder - RBD (PL)","Million cubic metres","Precipitation","79,899",""
"2013","Upper Oder","Million cubic metres","Precipitation","2,814",""
"2013","Middle Oder","Million cubic metres","Precipitation","28,837.4",""
"2013","Warta","Million cubic metres","Precipitation","34,877.6",""
"2013","Lower Oder and Western Coast","Million cubic metres","Precipitation","13,370.2",""
"2013","Ucker - RBD","Million cubic metres","Precipitation","9.1",""
"2013","Pregolya / Prieglius - RBD (PL)","Million cubic metres","Precipitation","4,971.6",""
"2013","Nemunas - RBD (PL)","Million cubic metres","Precipitation","1,789.8",""
"2013","Dniester - RBD (PL)","Million cubic metres","Precipitation","172.7",""
"2013","Portugal","Million cubic metres","Precipitation",":",""
"2013","Romania","Million cubic metres","Precipitation","162,798.9",""
"2013","Danube - RBD (RO)","Million cubic metres","Precipitation","162,798.9",""
"2013","Banat","Million cubic metres","Precipitation","13,484.13",""
"2013","Siret","Million cubic metres","Precipitation","18,728.29",""
"2013","Prut-Barlad","Million cubic metres","Precipitation","12,660.11",""
"2013","Jiu","Million cubic metres","Precipitation","12,984.45",""
"2013","Olt","Million cubic metres","Precipitation","17,917.3",""
"2013","Arges-Vedea","Million cubic metres","Precipitation","14,998.82",""
"2013","Ialomita-Buzau","Million cubic metres","Precipitation","16,710.57",""
"2013","Dobrogea","Million cubic metres","Precipitation","8,543.29",""
"2013","Mures","Million cubic metres","Precipitation","18,788.99",""
"2013","Crisuri","Million cubic metres","Precipitation","10,495.49",""
"2013","Somes-Tisa (RO)","Million cubic metres","Precipitation","17,483.27",""
"2013","Slovenia","Million cubic metres","Precipitation","34,848",""
"2013","Danube - RBD (SI)","Million cubic metres","Precipitation","25,915",""
"2013","North Adriatic - RBD","Million cubic metres","Precipitation","8,933",""
"2013","Slovakia","Million cubic metres","Precipitation","42,348",""
"2013","Dunajec and Poprad (Vistula) - RBD (SK)","Million cubic metres","Precipitation","1,751",""
"2013","Danube - RBD (SK)","Million cubic metres","Precipitation","40,597",""
"2013","Finland","Million cubic metres","Precipitation","221,166",""
"2013","Sweden","Million cubic metres","Precipitation","311,389",""
"2013","Bothnian Bay - RBD (SE)","Million cubic metres","Precipitation",":",""
"2013","Bothnian Sea - RBD (SE)","Million cubic metres","Precipitation",":",""
"2013","North Baltic Sea - RBD","Million cubic metres","Precipitation",":",""
"2013","South Baltic Sea - RBD","Million cubic metres","Precipitation",":",""
"2013","Skagerrak and Kattegat - RBD (SE)","Million cubic metres","Precipitation",":",""
"2013","Trondelagsfylkene (Bothnian Sea) - RBD (SE)","Million cubic metres","Precipitation",":",""
"2013","Nordland (Bothnian Bay) - RBD (SE)","Million cubic metres","Precipitation",":",""
"2013","Troms (Bothnian Bay) - RBD (SE)","Million cubic metres","Precipitation",":",""
"2013","Glomma (Skagerrak and Kattegat) - RBD (SE)","Million cubic metres","Precipitation",":",""
"2013","United Kingdom","Million cubic metres","Precipitation",":",""
"2013","Iceland","Million cubic metres","Precipitation","173,377",""
"2013","Norway","Million cubic metres","Precipitation",":",""
"2013","Glomma, Møre and Romsdal - RBD","Million cubic metres","Precipitation",":",""
"2013","Troendelag - RBD (NO)","Million cubic metres","Precipitation",":",""
"2013","Nordland - RBD (NO)","Million cubic metres","Precipitation",":",""
"2013","Troms - RBD (NO)","Million cubic metres","Precipitation",":",""
"2013","Finnmark - RBD","Million cubic metres","Precipitation",":",""
"2013","Glomma - RBD (NO)","Million cubic metres","Precipitation",":",""
"2013","West Bay - RBD","Million cubic metres","Precipitation",":",""
"2013","Agder - RBD","Million cubic metres","Precipitation",":",""
"2013","Rogaland - RBD","Million cubic metres","Precipitation",":",""
"2013","Hordaland - RBD","Million cubic metres","Precipitation",":",""
"2013","Sogn and Fjordane - RBD","Million cubic metres","Precipitation",":",""
"2013","Bothnian Bay - RBD (NO)","Million cubic metres","Precipitation",":",""
"2013","Torne (Torniojoki) - RBD (NO)","Million cubic metres","Precipitation",":",""
"2013","Bothnian Sea - RBD (NO)","Million cubic metres","Precipitation",":",""
"2013","Skagerrak and Kattegat - RBD (NO)","Million cubic metres","Precipitation",":",""
"2013","Kemijoki - RBD (NO)","Million cubic metres","Precipitation",":",""
"2013","Tornionjoki - RBD (FI)","Million cubic metres","Precipitation",":",""
"2013","Switzerland","Million cubic metres","Precipitation","65,295",""
"2013","Rhine - RBD (CH)","Million cubic metres","Precipitation","38,320",""
"2013","Rhône - RBD (CH)","Million cubic metres","Precipitation","8,280",""
"2013","Po - RBD (CH)","Million cubic metres","Precipitation","4,069",""
"2013","Danube - RBD (CH)","Million cubic metres","Precipitation","2,079",""
"2013","Former Yugoslav Republic of Macedonia, the","Million cubic metres","Precipitation",":",""
"2013","Albania","Million cubic metres","Precipitation","41,600","b"
"2013","Serbia","Million cubic metres","Precipitation","51,568",""
"2013","Turkey","Million cubic metres","Precipitation","547,042",""
"2013","Bosnia and Herzegovina","Million cubic metres","Precipitation","36,222",""
"2013","Kosovo (under United Nations Security Council Resolution 1244/99)","Million cubic metres","Precipitation","566.5",""
"2014","Belgium","Million cubic metres","Precipitation",":",""
"2014","Rhine - RBD (BE-Walloon region)","Million cubic metres","Precipitation",":",""
"2014","Scheldt/Escaut - RBD (BE-Brussels)","Million cubic metres","Precipitation",":",""
"2014","Escaut/Schelde - RBD (BE-Walloon region)","Million cubic metres","Precipitation",":",""
"2014","Schelde/Escaut - RBD (BE-Flemish region)","Million cubic metres","Precipitation",":",""
"2014","Meuse/Maas - RBD (BE-Walloon region)","Million cubic metres","Precipitation",":",""
"2014","Maas/Meuse - RBD (BE-Flemish region)","Million cubic metres","Precipitation",":",""
"2014","Seine - RBD (BE-Walloon region)","Million cubic metres","Precipitation",":",""
"2014","Bulgaria","Million cubic metres","Precipitation","115,306",""
"2014","Danube - RBD (BG)","Million cubic metres","Precipitation","45,026",""
"2014","Black Sea - RBD","Million cubic metres","Precipitation","21,196",""
"2014","East Aegean - RBD (BG)","Million cubic metres","Precipitation","38,082",""
"2014","West Aegean - RBD (BG)","Million cubic metres","Precipitation","11,002",""
"2014","Czech Republic","Million cubic metres","Precipitation","51,672",""
"2014","Danube - RBD (CZ)","Million cubic metres","Precipitation","14,008",""
"2014","Labe / Elbe - RBD (CZ)","Million cubic metres","Precipitation","31,759",""
"2014","Odra / Oder - RBD (CZ)","Million cubic metres","Precipitation","5,905",""
"2014","Germany (until 1990 former territory of the FRG)","Million cubic metres","Precipitation","286,654",""
"2014","Danube - RBD (DE)","Million cubic metres","Precipitation","53,841",""
"2014","Rhine - RBD (DE)","Million cubic metres","Precipitation","94,347",""
"2014","Ems - RBD (DE)","Million cubic metres","Precipitation","10,885",""
"2014","Weser - RBD","Million cubic metres","Precipitation","36,752",""
"2014","Elbe / Labe - RBD (DE)","Million cubic metres","Precipitation","63,683",""
"2014","Oder / Odra - RBD (DE)","Million cubic metres","Precipitation","5,338",""
"2014","Maas / Meuse - RBD (DE)","Million cubic metres","Precipitation","3,368",""
"2014","Eider - RBD","Million cubic metres","Precipitation","4,522",""
"2014","Schlei-Trave - RBD","Million cubic metres","Precipitation","4,886",""
"2014","Warnow-Peene - RBD","Million cubic metres","Precipitation","9,032",""
"2014","Ireland","Million cubic metres","Precipitation","97,855",""
"2014","Western Peloponnese - RBD","Million cubic metres","Precipitation",":",""
"2014","Northern Peloponnese - RBD","Million cubic metres","Precipitation",":",""
"2014","Eastern Peloponnese - RBD","Million cubic metres","Precipitation",":",""
"2014","Spain","Million cubic metres","Precipitation",":",""
"2014","Miño-Sil - RBD (ES)","Million cubic metres","Precipitation",":",""
"2014","Galician Coast - RBD","Million cubic metres","Precipitation",":",""
"2014","Western Cantabrian RBD","Million cubic metres","Precipitation",":",""
"2014","Eastern Cantabrian RBD","Million cubic metres","Precipitation",":",""
"2014","Duero - RBD (ES)","Million cubic metres","Precipitation",":",""
"2014","Tagus - RBD (ES)","Million cubic metres","Precipitation",":",""
"2014","Guadiana - RBD (ES)","Million cubic metres","Precipitation",":",""
"2014","Guadalquivir - RBD","Million cubic metres","Precipitation",":",""
"2014","Andalusia Mediterranean Basins - RBD","Million cubic metres","Precipitation",":",""
"2014","Guadalete and Barbate - RBD","Million cubic metres","Precipitation",":",""
"2014","Tinto, Odiel and Piedras - RBD","Million cubic metres","Precipitation",":",""
"2014","Segura - RBD","Million cubic metres","Precipitation",":",""
"2014","Júcar - RBD","Million cubic metres","Precipitation",":",""
"2014","Ebro - RBD","Million cubic metres","Precipitation",":",""
"2014","Catalonia - RBD","Million cubic metres","Precipitation",":",""
"2014","Balearic Islands - RBD","Million cubic metres","Precipitation",":",""
"2014","Gran Canaria - RBD","Million cubic metres","Precipitation",":",""
"2014","Fuerteventura - RBD","Million cubic metres","Precipitation",":",""
"2014","Lanzarote - RBD","Million cubic metres","Precipitation",":",""
"2014","Tenerife - RBD","Million cubic metres","Precipitation",":",""
"2014","La Palma - RBD","Million cubic metres","Precipitation",":",""
"2014","La Gomera - RBD","Million cubic metres","Precipitation",":",""
"2014","El Hierro - RBD","Million cubic metres","Precipitation",":",""
"2014","Ceuta - RBD","Million cubic metres","Precipitation",":",""
"2014","Melilla - RBD","Million cubic metres","Precipitation",":",""
"2014","France","Million cubic metres","Precipitation","567,709.2",""
"2014","Escaut / Schelde - RBD (FR)","Million cubic metres","Precipitation","16,245.453",""
"2014","Meuse-Chiers - RBD (FR)","Million cubic metres","Precipitation","6,976.316",""
"2014","Sambre - RBD","Million cubic metres","Precipitation","924.675",""
"2014","Rhine - RBD (FR)","Million cubic metres","Precipitation","19,821.884",""
"2014","Moselle-Saar (FR)","Million cubic metres","Precipitation","13,038.183",""
"2014","Upper Rhine and Ill","Million cubic metres","Precipitation","6,783.701",""
"2014","Rhone and the mediterranean coastal rivers - RBD (FR)","Million cubic metres","Precipitation","148,664.429",""
"2014","Coastal streams of the Cote d'Azur","Million cubic metres","Precipitation","17,548.772",""
"2014","Languedoc Roussillon coastals","Million cubic metres","Precipitation","18,425.594",""
"2014","Doubs","Million cubic metres","Precipitation","9,256.397",""
"2014","Durance","Million cubic metres","Precipitation","20,224.569",""
"2014","Ardèche-Gard","Million cubic metres","Precipitation","15,843.784",""
"2014","Haut-Rhône","Million cubic metres","Precipitation","18,975.556",""
"2014","Isère-Drôme","Million cubic metres","Precipitation","20,792.867",""
"2014","Rhône moyen","Million cubic metres","Precipitation","7,739.397",""
"2014","Saône","Million cubic metres","Precipitation","19,857.492",""
"2014","Corse - RBD","Million cubic metres","Precipitation","8,657.605",""
"2014","Adour, Garonne, Dordogne, Charente and Charente and Aquitaine coastal streams - RBD","Million cubic metres","Precipitation","130,337.636",""
"2014","Adour","Million cubic metres","Precipitation","25,637.837",""
"2014","Charente","Million cubic metres","Precipitation","9,162.813",""
"2014","Charente and Aquitaine coastal streams","Million cubic metres","Precipitation","11,385.708",""
"2014","Dordogne","Million cubic metres","Precipitation","26,887.609",""
"2014","Garonne","Million cubic metres","Precipitation","28,379.382",""
"2014","Lot","Million cubic metres","Precipitation","12,076.327",""
"2014","Tarn-Aveyron","Million cubic metres","Precipitation","16,807.961",""
"2014","Loire, the coastal rivers of Vendée and Bretagne - RBD","Million cubic metres","Precipitation","154,595.869",""
"2014","Allier-Upper Loire","Million cubic metres","Precipitation","33,327.613",""
"2014","Lower Loire and coastal rivers of Vendée","Million cubic metres","Precipitation","22,189.147",""
"2014","Middle Loire","Million cubic metres","Precipitation","23,538.308",""
"2014","Mayenne-Sarthe-Loir","Million cubic metres","Precipitation","19,614.685",""
"2014","Vilaine and Brittany coastal streams","Million cubic metres","Precipitation","34,922.708",""
"2014","Vienne-Creuse","Million cubic metres","Precipitation","21,003.408",""
"2014","Seine and the Normandy coastal streams - RBD (FR)","Million cubic metres","Precipitation","81,485.289",""
"2014","Coastal streams of Normandy","Million cubic metres","Precipitation","14,447.288",""
"2014","Marne","Million cubic metres","Precipitation","10,435.721",""
"2014","Oise","Million cubic metres","Precipitation","13,621.636",""
"2014","Seine upstream Paris (FR)","Million cubic metres","Precipitation","26,400.144",""
"2014","Seine downstream Paris (FR)","Million cubic metres","Precipitation","16,580.5",""
"2014","Croatia","Million cubic metres","Precipitation",":",""
"2014","Italy","Million cubic metres","Precipitation",":",""
"2014","Eastern Alps - RBD","Million cubic metres","Precipitation",":",""
"2014","Po - RBD (IT)","Million cubic metres","Precipitation",":",""
"2014","Northern Apennines - RBD","Million cubic metres","Precipitation",":",""
"2014","Serchio - RBD","Million cubic metres","Precipitation",":",""
"2014","Middle Apennines - RBD","Million cubic metres","Precipitation",":",""
"2014","Southern Apennines - RBD","Million cubic metres","Precipitation",":",""
"2014","Sardinia - RBD","Million cubic metres","Precipitation",":",""
"2014","Sicily - RBD","Million cubic metres","Precipitation",":",""
"2014","Cyprus","Million cubic metres","Precipitation","2,358",""
"2014","Cyprus - RBD","Million cubic metres","Precipitation","2,358",""
"2014","Latvia","Million cubic metres","Precipitation",":",""
"2014","Daugava - RBD (LV)","Million cubic metres","Precipitation",":",""
"2014","Gauja (Koiva) - RBD (LV)","Million cubic metres","Precipitation",":",""
"2014","Lielupe - RBD (LV)","Million cubic metres","Precipitation",":",""
"2014","Venta - RBD (LV)","Million cubic metres","Precipitation",":",""
"2014","Lithuania","Million cubic metres","Precipitation","41,197.66",""
"2014","Nemunas - RBD (LT)","Million cubic metres","Precipitation","30,170.28",""
"2014","Venta - RBD (LT)","Million cubic metres","Precipitation","4,062.96",""
"2014","Lielupe - RBD (LT)","Million cubic metres","Precipitation","5,865.91",""
"2014","Daugava - RBD (LT)","Million cubic metres","Precipitation","1,098.51",""
"2014","Luxembourg","Million cubic metres","Precipitation",":",""
"2014","Meuse / Maas - RBD (LU)","Million cubic metres","Precipitation",":",""
"2014","Rhine - RBD (LU)","Million cubic metres","Precipitation",":",""
"2014","Hungary","Million cubic metres","Precipitation","70,680",""
"2014","Danube - RBD (HU)","Million cubic metres","Precipitation","70,680",""
"2014","Balaton","Million cubic metres","Precipitation","86,676",""
"2014","Dráva / Drau (HU)","Million cubic metres","Precipitation","93,558",""
"2014","Danube (HU)","Million cubic metres","Precipitation","74,400",""
"2014","Tisza / Tysa (HU)","Million cubic metres","Precipitation","62,403",""
"2014","Malta","Million cubic metres","Precipitation","159.37",""
"2014","Malta - RBD","Million cubic metres","Precipitation","159.37",""
"2014","Netherlands","Million cubic metres","Precipitation","31,678.16",""
"2014","Ems - RBD (NL)","Million cubic metres","Precipitation",":",""
"2014","Maas / Meuse - RBD (NL)","Million cubic metres","Precipitation",":",""
"2014","Rhine - RBD (NL)","Million cubic metres","Precipitation",":",""
"2014","Schelde / Escaut - RBD (NL)","Million cubic metres","Precipitation",":",""
"2014","Austria","Million cubic metres","Precipitation",":",""
"2014","Danube - RBD (AT)","Million cubic metres","Precipitation",":",""
"2014","Danube upstream Jochenstein (AT)","Million cubic metres","Precipitation",":",""
"2014","Danube downstream Jochenstein (AT)","Million cubic metres","Precipitation",":",""
"2014","March / Morava (AT)","Million cubic metres","Precipitation",":",""
"2014","Leitha, Raab, Rabnitz","Million cubic metres","Precipitation",":",""
"2014","Mur","Million cubic metres","Precipitation",":",""
"2014","Drau / Dráva (AT)","Million cubic metres","Precipitation",":",""
"2014","Rhine - RBD (AT)","Million cubic metres","Precipitation",":",""
"2014","Elbe / Labe - RBD (AT)","Million cubic metres","Precipitation",":",""
"2014","Poland","Million cubic metres","Precipitation","199,860.6",""
"2014","Danube - RBD (PL)","Million cubic metres","Precipitation","390.8",""
"2014","Vistula / Wisla - RBD (PL)","Million cubic metres","Precipitation","120,114.6",""
"2014","Little Vistula","Million cubic metres","Precipitation","3,357.6",""
"2014","Upper Vistula","Million cubic metres","Precipitation","38,524.4",""
"2014","Middle Vistula without Bug and Narew","Million cubic metres","Precipitation","31,614.6",""
"2014","Bug and Narew","Million cubic metres","Precipitation","28,860.9",""
"2014","Lower Vistula","Million cubic metres","Precipitation","17,757",""
"2014","Swieza - RBD","Million cubic metres","Precipitation","81.8",""
"2014","Jarft - RBD","Million cubic metres","Precipitation","107.9",""
"2014","Labe / Elbe - RBD (PL)","Million cubic metres","Precipitation","198.3",""
"2014","Odra / Oder - RBD (PL)","Million cubic metres","Precipitation","73,498.3",""
"2014","Upper Oder","Million cubic metres","Precipitation","2,812.1",""
"2014","Middle Oder","Million cubic metres","Precipitation","25,919",""
"2014","Warta","Million cubic metres","Precipitation","31,924",""
"2014","Lower Oder and Western Coast","Million cubic metres","Precipitation","12,843.2",""
"2014","Ucker - RBD","Million cubic metres","Precipitation","9.1",""
"2014","Pregolya / Prieglius - RBD (PL)","Million cubic metres","Precipitation","3,883.1",""
"2014","Nemunas - RBD (PL)","Million cubic metres","Precipitation","1,339.1",""
"2014","Dniester - RBD (PL)","Million cubic metres","Precipitation","246.7",""
"2014","Portugal","Million cubic metres","Precipitation",":",""
"2014","Romania","Million cubic metres","Precipitation","197,196",""
"2014","Danube - RBD (RO)","Million cubic metres","Precipitation","197,196.4",""
"2014","Banat","Million cubic metres","Precipitation","17,056.39",""
"2014","Siret","Million cubic metres","Precipitation","22,479.21",""
"2014","Prut-Barlad","Million cubic metres","Precipitation","13,592.57",""
"2014","Jiu","Million cubic metres","Precipitation","19,756.79",""
"2014","Olt","Million cubic metres","Precipitation","23,501.96",""
"2014","Arges-Vedea","Million cubic metres","Precipitation","21,590.51",""
"2014","Ialomita-Buzau","Million cubic metres","Precipitation","19,112.75",""
"2014","Dobrogea","Million cubic metres","Precipitation","10,781.09",""
"2014","Mures","Million cubic metres","Precipitation","208,882.86",""
"2014","Crisuri","Million cubic metres","Precipitation","11,667.66",""
"2014","Somes-Tisa (RO)","Million cubic metres","Precipitation","16,774.62",""
"2014","Slovenia","Million cubic metres","Precipitation","39,897",""
"2014","Danube - RBD (SI)","Million cubic metres","Precipitation","29,522",""
"2014","North Adriatic - RBD","Million cubic metres","Precipitation","10,375",""
"2014","Slovakia","Million cubic metres","Precipitation","46,806",""
"2014","Dunajec and Poprad (Vistula) - RBD (SK)","Million cubic metres","Precipitation","2,115",""
"2014","Danube - RBD (SK)","Million cubic metres","Precipitation","44,691",""
"2014","Finland","Million cubic metres","Precipitation",":",""
"2014","Sweden","Million cubic metres","Precipitation","337,479",""
"2014","Bothnian Bay - RBD (SE)","Million cubic metres","Precipitation",":",""
"2014","Bothnian Sea - RBD (SE)","Million cubic metres","Precipitation",":",""
"2014","North Baltic Sea - RBD","Million cubic metres","Precipitation",":",""
"2014","South Baltic Sea - RBD","Million cubic metres","Precipitation",":",""
"2014","Skagerrak and Kattegat - RBD (SE)","Million cubic metres","Precipitation",":",""
"2014","Trondelagsfylkene (Bothnian Sea) - RBD (SE)","Million cubic metres","Precipitation",":",""
"2014","Nordland (Bothnian Bay) - RBD (SE)","Million cubic metres","Precipitation",":",""
"2014","Troms (Bothnian Bay) - RBD (SE)","Million cubic metres","Precipitation",":",""
"2014","Glomma (Skagerrak and Kattegat) - RBD (SE)","Million cubic metres","Precipitation",":",""
"2014","United Kingdom","Million cubic metres","Precipitation",":",""
"2014","Iceland","Million cubic metres","Precipitation","194,159",""
"2014","Norway","Million cubic metres","Precipitation",":",""
"2014","Glomma, Møre and Romsdal - RBD","Million cubic metres","Precipitation",":",""
"2014","Troendelag - RBD (NO)","Million cubic metres","Precipitation",":",""
"2014","Nordland - RBD (NO)","Million cubic metres","Precipitation",":",""
"2014","Troms - RBD (NO)","Million cubic metres","Precipitation",":",""
"2014","Finnmark - RBD","Million cubic metres","Precipitation",":",""
"2014","Glomma - RBD (NO)","Million cubic metres","Precipitation",":",""
"2014","West Bay - RBD","Million cubic metres","Precipitation",":",""
"2014","Agder - RBD","Million cubic metres","Precipitation",":",""
"2014","Rogaland - RBD","Million cubic metres","Precipitation",":",""
"2014","Hordaland - RBD","Million cubic metres","Precipitation",":",""
"2014","Sogn and Fjordane - RBD","Million cubic metres","Precipitation",":",""
"2014","Bothnian Bay - RBD (NO)","Million cubic metres","Precipitation",":",""
"2014","Torne (Torniojoki) - RBD (NO)","Million cubic metres","Precipitation",":",""
"2014","Bothnian Sea - RBD (NO)","Million cubic metres","Precipitation",":",""
"2014","Skagerrak and Kattegat - RBD (NO)","Million cubic metres","Precipitation",":",""
"2014","Kemijoki - RBD (NO)","Million cubic metres","Precipitation",":",""
"2014","Tornionjoki - RBD (FI)","Million cubic metres","Precipitation",":",""
"2014","Switzerland","Million cubic metres","Precipitation","64,698",""
"2014","Rhine - RBD (CH)","Million cubic metres","Precipitation","36,986",""
"2014","Rhône - RBD (CH)","Million cubic metres","Precipitation","8,175",""
"2014","Po - RBD (CH)","Million cubic metres","Precipitation","5,032",""
"2014","Danube - RBD (CH)","Million cubic metres","Precipitation","2,635",""
"2014","Former Yugoslav Republic of Macedonia, the","Million cubic metres","Precipitation",":",""
"2014","Albania","Million cubic metres","Precipitation","37,172","e"
"2014","Serbia","Million cubic metres","Precipitation","77,980",""
"2014","Turkey","Million cubic metres","Precipitation","641,600",""
"2014","Bosnia and Herzegovina","Million cubic metres","Precipitation","45,366",""
"2014","Kosovo (under United Nations Security Council Resolution 1244/99)","Million cubic metres","Precipitation","797.4",""
"2015","Belgium","Million cubic metres","Precipitation",":",""
"2015","Rhine - RBD (BE-Walloon region)","Million cubic metres","Precipitation",":",""
"2015","Scheldt/Escaut - RBD (BE-Brussels)","Million cubic metres","Precipitation",":",""
"2015","Escaut/Schelde - RBD (BE-Walloon region)","Million cubic metres","Precipitation",":",""
"2015","Schelde/Escaut - RBD (BE-Flemish region)","Million cubic metres","Precipitation",":",""
"2015","Meuse/Maas - RBD (BE-Walloon region)","Million cubic metres","Precipitation",":",""
"2015","Maas/Meuse - RBD (BE-Flemish region)","Million cubic metres","Precipitation",":",""
"2015","Seine - RBD (BE-Walloon region)","Million cubic metres","Precipitation",":",""
"2015","Bulgaria","Million cubic metres","Precipitation","82,073",""
"2015","Danube - RBD (BG)","Million cubic metres","Precipitation","31,038",""
"2015","Black Sea - RBD","Million cubic metres","Precipitation","13,245",""
"2015","East Aegean - RBD (BG)","Million cubic metres","Precipitation","28,385",""
"2015","West Aegean - RBD (BG)","Million cubic metres","Precipitation","9,405",""
"2015","Czech Republic","Million cubic metres","Precipitation","41,635",""
"2015","Danube - RBD (CZ)","Million cubic metres","Precipitation","10,690",""
"2015","Labe / Elbe - RBD (CZ)","Million cubic metres","Precipitation","26,916",""
"2015","Odra / Oder - RBD (CZ)","Million cubic metres","Precipitation","4,029",""
"2015","Germany (until 1990 former territory of the FRG)","Million cubic metres","Precipitation","279,060",""
"2015","Danube - RBD (DE)","Million cubic metres","Precipitation","49,059",""
"2015","Rhine - RBD (DE)","Million cubic metres","Precipitation","85,145",""
"2015","Ems - RBD (DE)","Million cubic metres","Precipitation","13,127",""
"2015","Weser - RBD","Million cubic metres","Precipitation","37,840",""
"2015","Elbe / Labe - RBD (DE)","Million cubic metres","Precipitation","66,482",""
"2015","Oder / Odra - RBD (DE)","Million cubic metres","Precipitation","5,310",""
"2015","Maas / Meuse - RBD (DE)","Million cubic metres","Precipitation","3,084",""
"2015","Eider - RBD","Million cubic metres","Precipitation","4,885",""
"2015","Schlei-Trave - RBD","Million cubic metres","Precipitation","5,338",""
"2015","Warnow-Peene - RBD","Million cubic metres","Precipitation","8,790",""
"2015","Ireland","Million cubic metres","Precipitation","105,541",""
"2015","Western Peloponnese - RBD","Million cubic metres","Precipitation",":",""
"2015","Northern Peloponnese - RBD","Million cubic metres","Precipitation",":",""
"2015","Eastern Peloponnese - RBD","Million cubic metres","Precipitation",":",""
"2015","Spain","Million cubic metres","Precipitation","344,073",""
"2015","Miño-Sil - RBD (ES)","Million cubic metres","Precipitation","20,330",""
"2015","Galician Coast - RBD","Million cubic metres","Precipitation","19,112",""
"2015","Western Cantabrian RBD","Million cubic metres","Precipitation","20,640",""
"2015","Eastern Cantabrian RBD","Million cubic metres","Precipitation","8,212",""
"2015","Duero - RBD (ES)","Million cubic metres","Precipitation","46,231",""
"2015","Tagus - RBD (ES)","Million cubic metres","Precipitation","32,934",""
"2015","Guadiana - RBD (ES)","Million cubic metres","Precipitation","27,564",""
"2015","Guadalquivir - RBD","Million cubic metres","Precipitation","32,604",""
"2015","Andalusia Mediterranean Basins - RBD","Million cubic metres","Precipitation","9,100",""
"2015","Guadalete and Barbate - RBD","Million cubic metres","Precipitation","3,420",""
"2015","Tinto, Odiel and Piedras - RBD","Million cubic metres","Precipitation","2,995",""
"2015","Segura - RBD","Million cubic metres","Precipitation","7,128",""
"2015","Júcar - RBD","Million cubic metres","Precipitation","20,790",""
"2015","Ebro - RBD","Million cubic metres","Precipitation","52,848",""
"2015","Catalonia - RBD","Million cubic metres","Precipitation",":",""
"2015","Balearic Islands - RBD","Million cubic metres","Precipitation",":",""
"2015","Gran Canaria - RBD","Million cubic metres","Precipitation",":",""
"2015","Fuerteventura - RBD","Million cubic metres","Precipitation",":",""
"2015","Lanzarote - RBD","Million cubic metres","Precipitation",":",""
"2015","Tenerife - RBD","Million cubic metres","Precipitation",":",""
"2015","La Palma - RBD","Million cubic metres","Precipitation",":",""
"2015","La Gomera - RBD","Million cubic metres","Precipitation",":",""
"2015","El Hierro - RBD","Million cubic metres","Precipitation",":",""
"2015","Ceuta - RBD","Million cubic metres","Precipitation",":",""
"2015","Melilla - RBD","Million cubic metres","Precipitation",":",""
"2015","France","Million cubic metres","Precipitation","429,730.1",""
"2015","Escaut / Schelde - RBD (FR)","Million cubic metres","Precipitation","13,991.234",""
"2015","Meuse-Chiers - RBD (FR)","Million cubic metres","Precipitation","6,105.891",""
"2015","Sambre - RBD","Million cubic metres","Precipitation","825.903",""
"2015","Rhine - RBD (FR)","Million cubic metres","Precipitation","17,140.423",""
"2015","Moselle-Saar (FR)","Million cubic metres","Precipitation","11,434.22",""
"2015","Upper Rhine and Ill","Million cubic metres","Precipitation","5,706.203",""
"2015","Rhone and the mediterranean coastal rivers - RBD (FR)","Million cubic metres","Precipitation","108,687.771",""
"2015","Coastal streams of the Cote d'Azur","Million cubic metres","Precipitation","9,936.365",""
"2015","Languedoc Roussillon coastals","Million cubic metres","Precipitation","12,339.752",""
"2015","Doubs","Million cubic metres","Precipitation","7,839.355",""
"2015","Durance","Million cubic metres","Precipitation","14,601.159",""
"2015","Ardèche-Gard","Million cubic metres","Precipitation","9,478.103",""
"2015","Haut-Rhône","Million cubic metres","Precipitation","16,219.651",""
"2015","Isère-Drôme","Million cubic metres","Precipitation","17,189.752",""
"2015","Rhône moyen","Million cubic metres","Precipitation","5,548.051",""
"2015","Saône","Million cubic metres","Precipitation","15,535.583",""
"2015","Corse - RBD","Million cubic metres","Precipitation","8,022.264",""
"2015","Adour, Garonne, Dordogne, Charente and Charente and Aquitaine coastal streams - RBD","Million cubic metres","Precipitation","96,847.534",""
"2015","Adour","Million cubic metres","Precipitation","19,604.586",""
"2015","Charente","Million cubic metres","Precipitation","7,343.56",""
"2015","Charente and Aquitaine coastal streams","Million cubic metres","Precipitation","7,997.979",""
"2015","Dordogne","Million cubic metres","Precipitation","19,487.615",""
"2015","Garonne","Million cubic metres","Precipitation","21,789.106",""
"2015","Lot","Million cubic metres","Precipitation","8,801.047",""
"2015","Tarn-Aveyron","Million cubic metres","Precipitation","11,823.642",""
"2015","Loire, the coastal rivers of Vendée and Bretagne - RBD","Million cubic metres","Precipitation","112,374.998",""
"2015","Allier-Upper Loire","Million cubic metres","Precipitation","23,221.104",""
"2015","Lower Loire and coastal rivers of Vendée","Million cubic metres","Precipitation","16,827.11",""
"2015","Middle Loire","Million cubic metres","Precipitation","17,529.56",""
"2015","Mayenne-Sarthe-Loir","Million cubic metres","Precipitation","14,772.481",""
"2015","Vilaine and Brittany coastal streams","Million cubic metres","Precipitation","24,630.965",""
"2015","Vienne-Creuse","Million cubic metres","Precipitation","15,393.778",""
"2015","Seine and the Normandy coastal streams - RBD (FR)","Million cubic metres","Precipitation","65,734.124",""
"2015","Coastal streams of Normandy","Million cubic metres","Precipitation","11,858.313",""
"2015","Marne","Million cubic metres","Precipitation","8,668.134",""
"2015","Oise","Million cubic metres","Precipitation","11,009.992",""
"2015","Seine upstream Paris (FR)","Million cubic metres","Precipitation","21,286.118",""
"2015","Seine downstream Paris (FR)","Million cubic metres","Precipitation","12,911.567",""
"2015","Croatia","Million cubic metres","Precipitation","62,330",""
"2015","Italy","Million cubic metres","Precipitation",":",""
"2015","Eastern Alps - RBD","Million cubic metres","Precipitation",":",""
"2015","Po - RBD (IT)","Million cubic metres","Precipitation",":",""
"2015","Northern Apennines - RBD","Million cubic metres","Precipitation",":",""
"2015","Serchio - RBD","Million cubic metres","Precipitation",":",""
"2015","Middle Apennines - RBD","Million cubic metres","Precipitation",":",""
"2015","Southern Apennines - RBD","Million cubic metres","Precipitation",":",""
"2015","Sardinia - RBD","Million cubic metres","Precipitation",":",""
"2015","Sicily - RBD","Million cubic metres","Precipitation",":",""
"2015","Cyprus","Million cubic metres","Precipitation","2,904",""
"2015","Cyprus - RBD","Million cubic metres","Precipitation","2,904",""
"2015","Latvia","Million cubic metres","Precipitation",":",""
"2015","Daugava - RBD (LV)","Million cubic metres","Precipitation",":",""
"2015","Gauja (Koiva) - RBD (LV)","Million cubic metres","Precipitation",":",""
"2015","Lielupe - RBD (LV)","Million cubic metres","Precipitation",":",""
"2015","Venta - RBD (LV)","Million cubic metres","Precipitation",":",""
"2015","Lithuania","Million cubic metres","Precipitation","38,517.18",""
"2015","Nemunas - RBD (LT)","Million cubic metres","Precipitation","28,758.57",""
"2015","Venta - RBD (LT)","Million cubic metres","Precipitation","3,766.85",""
"2015","Lielupe - RBD (LT)","Million cubic metres","Precipitation","5,065.21",""
"2015","Daugava - RBD (LT)","Million cubic metres","Precipitation","926.55",""
"2015","Luxembourg","Million cubic metres","Precipitation",":",""
"2015","Meuse / Maas - RBD (LU)","Million cubic metres","Precipitation",":",""
"2015","Rhine - RBD (LU)","Million cubic metres","Precipitation",":",""
"2015","Hungary","Million cubic metres","Precipitation","51,429",""
"2015","Danube - RBD (HU)","Million cubic metres","Precipitation","51,429",""
"2015","Balaton","Million cubic metres","Precipitation","57,567",""
"2015","Dráva / Drau (HU)","Million cubic metres","Precipitation","61,101",""
"2015","Danube (HU)","Million cubic metres","Precipitation","53,475",""
"2015","Tisza / Tysa (HU)","Million cubic metres","Precipitation","47,616",""
"2015","Malta","Million cubic metres","Precipitation","175.14",""
"2015","Malta - RBD","Million cubic metres","Precipitation","175.14",""
"2015","Netherlands","Million cubic metres","Precipitation","35,308.25",""
"2015","Ems - RBD (NL)","Million cubic metres","Precipitation",":",""
"2015","Maas / Meuse - RBD (NL)","Million cubic metres","Precipitation",":",""
"2015","Rhine - RBD (NL)","Million cubic metres","Precipitation",":",""
"2015","Schelde / Escaut - RBD (NL)","Million cubic metres","Precipitation",":",""
"2015","Austria","Million cubic metres","Precipitation",":",""
"2015","Danube - RBD (AT)","Million cubic metres","Precipitation",":",""
"2015","Danube upstream Jochenstein (AT)","Million cubic metres","Precipitation",":",""
"2015","Danube downstream Jochenstein (AT)","Million cubic metres","Precipitation",":",""
"2015","March / Morava (AT)","Million cubic metres","Precipitation",":",""
"2015","Leitha, Raab, Rabnitz","Million cubic metres","Precipitation",":",""
"2015","Mur","Million cubic metres","Precipitation",":",""
"2015","Drau / Dráva (AT)","Million cubic metres","Precipitation",":",""
"2015","Rhine - RBD (AT)","Million cubic metres","Precipitation",":",""
"2015","Elbe / Labe - RBD (AT)","Million cubic metres","Precipitation",":",""
"2015","Poland","Million cubic metres","Precipitation","155,810.4",""
"2015","Danube - RBD (PL)","Million cubic metres","Precipitation","266.9",""
"2015","Vistula / Wisla - RBD (PL)","Million cubic metres","Precipitation","95,232.5",""
"2015","Little Vistula","Million cubic metres","Precipitation","2,386.7",""
"2015","Upper Vistula","Million cubic metres","Precipitation","25,381.8",""
"2015","Middle Vistula without Bug and Narew","Million cubic metres","Precipitation","23,668.4",""
"2015","Bug and Narew","Million cubic metres","Precipitation","26,053.1",""
"2015","Lower Vistula","Million cubic metres","Precipitation","17,742.4",""
"2015","Swieza - RBD","Million cubic metres","Precipitation","83.6",""
"2015","Jarft - RBD","Million cubic metres","Precipitation","111.2",""
"2015","Labe / Elbe - RBD (PL)","Million cubic metres","Precipitation","163.1",""
"2015","Odra / Oder - RBD (PL)","Million cubic metres","Precipitation","54,905.4",""
"2015","Upper Oder","Million cubic metres","Precipitation","1,844.2",""
"2015","Middle Oder","Million cubic metres","Precipitation","17,291",""
"2015","Warta","Million cubic metres","Precipitation","23,829.9",""
"2015","Lower Oder and Western Coast","Million cubic metres","Precipitation","11,940.3",""
"2015","Ucker - RBD","Million cubic metres","Precipitation","7.5",""
"2015","Pregolya / Prieglius - RBD (PL)","Million cubic metres","Precipitation","3,733.7",""
"2015","Nemunas - RBD (PL)","Million cubic metres","Precipitation","1,154.7",""
"2015","Dniester - RBD (PL)","Million cubic metres","Precipitation","159.3",""
"2015","Portugal","Million cubic metres","Precipitation",":",""
"2015","Romania","Million cubic metres","Precipitation","152,358",""
"2015","Danube - RBD (RO)","Million cubic metres","Precipitation","152,358.2",""
"2015","Banat","Million cubic metres","Precipitation","11,240.98",""
"2015","Siret","Million cubic metres","Precipitation","16,168.05",""
"2015","Prut-Barlad","Million cubic metres","Precipitation","8,877.37",""
"2015","Jiu","Million cubic metres","Precipitation","12,364.47",""
"2015","Olt","Million cubic metres","Precipitation","18,301.94",""
"2015","Arges-Vedea","Million cubic metres","Precipitation","157,482.02",""
"2015","Ialomita-Buzau","Million cubic metres","Precipitation","15,677.72",""
"2015","Dobrogea","Million cubic metres","Precipitation","9,093.29",""
"2015","Mures","Million cubic metres","Precipitation","18,962.83",""
"2015","Crisuri","Million cubic metres","Precipitation","10,208.25",""
"2015","Somes-Tisa (RO)","Million cubic metres","Precipitation","15,981.28",""
"2015","Slovenia","Million cubic metres","Precipitation",":",""
"2015","Danube - RBD (SI)","Million cubic metres","Precipitation",":",""
"2015","North Adriatic - RBD","Million cubic metres","Precipitation",":",""
"2015","Slovakia","Million cubic metres","Precipitation","35,241.1",""
"2015","Dunajec and Poprad (Vistula) - RBD (SK)","Million cubic metres","Precipitation",":",""
"2015","Danube - RBD (SK)","Million cubic metres","Precipitation",":",""
"2015","Finland","Million cubic metres","Precipitation",":",""
"2015","Sweden","Million cubic metres","Precipitation","379,573",""
"2015","Bothnian Bay - RBD (SE)","Million cubic metres","Precipitation",":",""
"2015","Bothnian Sea - RBD (SE)","Million cubic metres","Precipitation",":",""
"2015","North Baltic Sea - RBD","Million cubic metres","Precipitation",":",""
"2015","South Baltic Sea - RBD","Million cubic metres","Precipitation",":",""
"2015","Skagerrak and Kattegat - RBD (SE)","Million cubic metres","Precipitation",":",""
"2015","Trondelagsfylkene (Bothnian Sea) - RBD (SE)","Million cubic metres","Precipitation",":",""
"2015","Nordland (Bothnian Bay) - RBD (SE)","Million cubic metres","Precipitation",":",""
"2015","Troms (Bothnian Bay) - RBD (SE)","Million cubic metres","Precipitation",":",""
"2015","Glomma (Skagerrak and Kattegat) - RBD (SE)","Million cubic metres","Precipitation",":",""
"2015","United Kingdom","Million cubic metres","Precipitation",":",""
"2015","Iceland","Million cubic metres","Precipitation",":",""
"2015","Norway","Million cubic metres","Precipitation","444,104","e"
"2015","Glomma, Møre and Romsdal - RBD","Million cubic metres","Precipitation",":",""
"2015","Troendelag - RBD (NO)","Million cubic metres","Precipitation",":",""
"2015","Nordland - RBD (NO)","Million cubic metres","Precipitation",":",""
"2015","Troms - RBD (NO)","Million cubic metres","Precipitation",":",""
"2015","Finnmark - RBD","Million cubic metres","Precipitation",":",""
"2015","Glomma - RBD (NO)","Million cubic metres","Precipitation",":",""
"2015","West Bay - RBD","Million cubic metres","Precipitation",":",""
"2015","Agder - RBD","Million cubic metres","Precipitation",":",""
"2015","Rogaland - RBD","Million cubic metres","Precipitation",":",""
"2015","Hordaland - RBD","Million cubic metres","Precipitation",":",""
"2015","Sogn and Fjordane - RBD","Million cubic metres","Precipitation",":",""
"2015","Bothnian Bay - RBD (NO)","Million cubic metres","Precipitation",":",""
"2015","Torne (Torniojoki) - RBD (NO)","Million cubic metres","Precipitation",":",""
"2015","Bothnian Sea - RBD (NO)","Million cubic metres","Precipitation",":",""
"2015","Skagerrak and Kattegat - RBD (NO)","Million cubic metres","Precipitation",":",""
"2015","Kemijoki - RBD (NO)","Million cubic metres","Precipitation",":",""
"2015","Tornionjoki - RBD (FI)","Million cubic metres","Precipitation",":",""
"2015","Switzerland","Million cubic metres","Precipitation","60,198",""
"2015","Rhine - RBD (CH)","Million cubic metres","Precipitation","33,550",""
"2015","Rhône - RBD (CH)","Million cubic metres","Precipitation","7,913",""
"2015","Po - RBD (CH)","Million cubic metres","Precipitation","5,034",""
"2015","Danube - RBD (CH)","Million cubic metres","Precipitation","2,412",""
"2015","Former Yugoslav Republic of Macedonia, the","Million cubic metres","Precipitation",":",""
"2015","Albania","Million cubic metres","Precipitation","32,711.07","e"
"2015","Serbia","Million cubic metres","Precipitation","51,746",""
"2015","Turkey","Million cubic metres","Precipitation","637,800",""
"2015","Bosnia and Herzegovina","Million cubic metres","Precipitation","29,389",""
"2015","Kosovo (under United Nations Security Council Resolution 1244/99)","Million cubic metres","Precipitation","708",""
