"TIME","GEO","UNIT","WW_TP","Value","Flag and Footnotes"
"2009","Région de Bruxelles-Capitale / Brussels Hoofdstedelijk Gewest","Thousand","Urban wastewater collecting system",":",""
"2009","Prov. Antwerpen","Thousand","Urban wastewater collecting system",":",""
"2009","Prov. Limburg (BE)","Thousand","Urban wastewater collecting system",":",""
"2009","Prov. Oost-Vlaanderen","Thousand","Urban wastewater collecting system",":",""
"2009","Prov. Vlaams-Brabant","Thousand","Urban wastewater collecting system",":",""
"2009","Prov. West-Vlaanderen","Thousand","Urban wastewater collecting system",":",""
"2009","Bulgaria","Thousand","Urban wastewater collecting system",":",""
"2009","Severozapaden","Thousand","Urban wastewater collecting system",":",""
"2009","Severen tsentralen","Thousand","Urban wastewater collecting system",":",""
"2009","Severoiztochen","Thousand","Urban wastewater collecting system",":",""
"2009","Yugoiztochen","Thousand","Urban wastewater collecting system",":",""
"2009","Yugozapaden","Thousand","Urban wastewater collecting system",":",""
"2009","Yuzhen tsentralen","Thousand","Urban wastewater collecting system",":",""
"2009","Praha","Thousand","Urban wastewater collecting system",":",""
"2009","Strední Cechy","Thousand","Urban wastewater collecting system",":",""
"2009","Jihozápad","Thousand","Urban wastewater collecting system",":",""
"2009","Severozápad","Thousand","Urban wastewater collecting system",":",""
"2009","Severovýchod","Thousand","Urban wastewater collecting system",":",""
"2009","Jihovýchod","Thousand","Urban wastewater collecting system",":",""
"2009","Strední Morava","Thousand","Urban wastewater collecting system",":",""
"2009","Moravskoslezsko","Thousand","Urban wastewater collecting system",":",""
"2009","Stuttgart","Thousand","Urban wastewater collecting system",":",""
"2009","Karlsruhe","Thousand","Urban wastewater collecting system",":",""
"2009","Freiburg","Thousand","Urban wastewater collecting system",":",""
"2009","Tübingen","Thousand","Urban wastewater collecting system",":",""
"2009","Oberbayern","Thousand","Urban wastewater collecting system",":",""
"2009","Niederbayern","Thousand","Urban wastewater collecting system",":",""
"2009","Oberpfalz","Thousand","Urban wastewater collecting system",":",""
"2009","Oberfranken","Thousand","Urban wastewater collecting system",":",""
"2009","Mittelfranken","Thousand","Urban wastewater collecting system",":",""
"2009","Unterfranken","Thousand","Urban wastewater collecting system",":",""
"2009","Schwaben","Thousand","Urban wastewater collecting system",":",""
"2009","Berlin","Thousand","Urban wastewater collecting system",":",""
"2009","Brandenburg","Thousand","Urban wastewater collecting system",":",""
"2009","Bremen","Thousand","Urban wastewater collecting system",":",""
"2009","Hamburg","Thousand","Urban wastewater collecting system",":",""
"2009","Darmstadt","Thousand","Urban wastewater collecting system",":",""
"2009","Gießen","Thousand","Urban wastewater collecting system",":",""
"2009","Kassel","Thousand","Urban wastewater collecting system",":",""
"2009","Mecklenburg-Vorpommern","Thousand","Urban wastewater collecting system",":",""
"2009","Braunschweig","Thousand","Urban wastewater collecting system",":",""
"2009","Hannover","Thousand","Urban wastewater collecting system",":",""
"2009","Lüneburg","Thousand","Urban wastewater collecting system",":",""
"2009","Weser-Ems","Thousand","Urban wastewater collecting system",":",""
"2009","Düsseldorf","Thousand","Urban wastewater collecting system",":",""
"2009","Köln","Thousand","Urban wastewater collecting system",":",""
"2009","Münster","Thousand","Urban wastewater collecting system",":",""
"2009","Detmold","Thousand","Urban wastewater collecting system",":",""
"2009","Arnsberg","Thousand","Urban wastewater collecting system",":",""
"2009","Koblenz","Thousand","Urban wastewater collecting system",":",""
"2009","Trier","Thousand","Urban wastewater collecting system",":",""
"2009","Rheinhessen-Pfalz","Thousand","Urban wastewater collecting system",":",""
"2009","Saarland","Thousand","Urban wastewater collecting system",":",""
"2009","Dresden","Thousand","Urban wastewater collecting system",":",""
"2009","Chemnitz","Thousand","Urban wastewater collecting system",":",""
"2009","Leipzig","Thousand","Urban wastewater collecting system",":",""
"2009","Sachsen-Anhalt","Thousand","Urban wastewater collecting system",":",""
"2009","Schleswig-Holstein","Thousand","Urban wastewater collecting system",":",""
"2009","Thüringen","Thousand","Urban wastewater collecting system",":",""
"2009","Estonia","Thousand","Urban wastewater collecting system",":",""
"2009","Eesti","Thousand","Urban wastewater collecting system",":",""
"2009","Border, Midland and Western (NUTS 2013)","Thousand","Urban wastewater collecting system",":",""
"2009","Southern and Eastern (NUTS 2013)","Thousand","Urban wastewater collecting system",":",""
"2009","Greece","Thousand","Urban wastewater collecting system",":",""
"2009","Anatoliki Makedonia, Thraki (NUTS 2010)","Thousand","Urban wastewater collecting system",":",""
"2009","Kentriki Makedonia (NUTS 2010)","Thousand","Urban wastewater collecting system",":",""
"2009","Dytiki Makedonia (NUTS 2010)","Thousand","Urban wastewater collecting system",":",""
"2009","Thessalia (NUTS 2010)","Thousand","Urban wastewater collecting system",":",""
"2009","Ipeiros (NUTS 2010)","Thousand","Urban wastewater collecting system",":",""
"2009","Ionia Nisia (NUTS 2010)","Thousand","Urban wastewater collecting system",":",""
"2009","Dytiki Ellada (NUTS 2010)","Thousand","Urban wastewater collecting system",":",""
"2009","Sterea Ellada (NUTS 2010)","Thousand","Urban wastewater collecting system",":",""
"2009","Peloponnisos (NUTS 2010)","Thousand","Urban wastewater collecting system",":",""
"2009","Attiki","Thousand","Urban wastewater collecting system",":",""
"2009","Voreio Aigaio","Thousand","Urban wastewater collecting system",":",""
"2009","Notio Aigaio","Thousand","Urban wastewater collecting system",":",""
"2009","Kriti","Thousand","Urban wastewater collecting system",":",""
"2009","France","Thousand","Urban wastewater collecting system",":",""
"2009","Île de France","Thousand","Urban wastewater collecting system",":",""
"2009","Champagne-Ardenne (NUTS 2013)","Thousand","Urban wastewater collecting system",":",""
"2009","Picardie (NUTS 2013)","Thousand","Urban wastewater collecting system",":",""
"2009","Haute-Normandie (NUTS 2013)","Thousand","Urban wastewater collecting system",":",""
"2009","Centre (FR) (NUTS 2013)","Thousand","Urban wastewater collecting system",":",""
"2009","Basse-Normandie (NUTS 2013)","Thousand","Urban wastewater collecting system",":",""
"2009","Bourgogne (NUTS 2013)","Thousand","Urban wastewater collecting system",":",""
"2009","Nord - Pas-de-Calais (NUTS 2013)","Thousand","Urban wastewater collecting system",":",""
"2009","Lorraine (NUTS 2013)","Thousand","Urban wastewater collecting system",":",""
"2009","Alsace (NUTS 2013)","Thousand","Urban wastewater collecting system",":",""
"2009","Franche-Comté (NUTS 2013)","Thousand","Urban wastewater collecting system",":",""
"2009","Pays de la Loire (NUTS 2013)","Thousand","Urban wastewater collecting system",":",""
"2009","Bretagne (NUTS 2013)","Thousand","Urban wastewater collecting system",":",""
"2009","Poitou-Charentes (NUTS 2013)","Thousand","Urban wastewater collecting system",":",""
"2009","Aquitaine (NUTS 2013)","Thousand","Urban wastewater collecting system",":",""
"2009","Midi-Pyrénées (NUTS 2013)","Thousand","Urban wastewater collecting system",":",""
"2009","Limousin (NUTS 2013)","Thousand","Urban wastewater collecting system",":",""
"2009","Rhône-Alpes (NUTS 2013)","Thousand","Urban wastewater collecting system",":",""
"2009","Auvergne (NUTS 2013)","Thousand","Urban wastewater collecting system",":",""
"2009","Languedoc-Roussillon (NUTS 2013)","Thousand","Urban wastewater collecting system",":",""
"2009","Provence-Alpes-Côte d'Azur (NUTS 2013)","Thousand","Urban wastewater collecting system",":",""
"2009","Corse (NUTS 2013)","Thousand","Urban wastewater collecting system",":",""
"2009","Guadeloupe (NUTS 2010)","Thousand","Urban wastewater collecting system",":",""
"2009","Martinique (NUTS 2010)","Thousand","Urban wastewater collecting system",":",""
"2009","Guyane (NUTS 2010)","Thousand","Urban wastewater collecting system",":",""
"2009","Réunion (NUTS 2010)","Thousand","Urban wastewater collecting system",":",""
"2009","Croatia","Thousand","Urban wastewater collecting system",":",""
"2009","Jadranska Hrvatska","Thousand","Urban wastewater collecting system",":",""
"2009","Kontinentalna Hrvatska","Thousand","Urban wastewater collecting system",":",""
"2009","Cyprus","Thousand","Urban wastewater collecting system",":",""
"2009","Kypros","Thousand","Urban wastewater collecting system",":",""
"2009","Latvia","Thousand","Urban wastewater collecting system",":",""
"2009","Latvija","Thousand","Urban wastewater collecting system",":",""
"2009","Lithuania","Thousand","Urban wastewater collecting system",":",""
"2009","Lietuva (NUTS 2013)","Thousand","Urban wastewater collecting system",":",""
"2009","Luxembourg","Thousand","Urban wastewater collecting system",":",""
"2009","Luxembourg","Thousand","Urban wastewater collecting system",":",""
"2009","Közép-Magyarország (NUTS 2013)","Thousand","Urban wastewater collecting system",":",""
"2009","Közép-Dunántúl","Thousand","Urban wastewater collecting system",":",""
"2009","Nyugat-Dunántúl","Thousand","Urban wastewater collecting system",":",""
"2009","Dél-Dunántúl","Thousand","Urban wastewater collecting system",":",""
"2009","Észak-Magyarország","Thousand","Urban wastewater collecting system",":",""
"2009","Észak-Alföld","Thousand","Urban wastewater collecting system",":",""
"2009","Dél-Alföld","Thousand","Urban wastewater collecting system",":",""
"2009","Malta","Thousand","Urban wastewater collecting system",":",""
"2009","Groningen","Thousand","Urban wastewater collecting system",":",""
"2009","Friesland (NL)","Thousand","Urban wastewater collecting system",":",""
"2009","Drenthe","Thousand","Urban wastewater collecting system",":",""
"2009","Overijssel","Thousand","Urban wastewater collecting system",":",""
"2009","Gelderland","Thousand","Urban wastewater collecting system",":",""
"2009","Flevoland","Thousand","Urban wastewater collecting system",":",""
"2009","Utrecht","Thousand","Urban wastewater collecting system",":",""
"2009","Noord-Holland","Thousand","Urban wastewater collecting system",":",""
"2009","Zuid-Holland","Thousand","Urban wastewater collecting system",":",""
"2009","Zeeland","Thousand","Urban wastewater collecting system",":",""
"2009","Noord-Brabant","Thousand","Urban wastewater collecting system",":",""
"2009","Limburg (NL)","Thousand","Urban wastewater collecting system",":",""
"2009","Burgenland (AT)","Thousand","Urban wastewater collecting system",":",""
"2009","Niederösterreich","Thousand","Urban wastewater collecting system",":",""
"2009","Wien","Thousand","Urban wastewater collecting system",":",""
"2009","Kärnten","Thousand","Urban wastewater collecting system",":",""
"2009","Steiermark","Thousand","Urban wastewater collecting system",":",""
"2009","Oberösterreich","Thousand","Urban wastewater collecting system",":",""
"2009","Salzburg","Thousand","Urban wastewater collecting system",":",""
"2009","Tirol","Thousand","Urban wastewater collecting system",":",""
"2009","Vorarlberg","Thousand","Urban wastewater collecting system",":",""
"2009","Poland","Thousand","Urban wastewater collecting system",":",""
"2009","Lódzkie (NUTS 2013)","Thousand","Urban wastewater collecting system",":",""
"2009","Mazowieckie (NUTS 2013)","Thousand","Urban wastewater collecting system",":",""
"2009","Malopolskie","Thousand","Urban wastewater collecting system",":",""
"2009","Slaskie","Thousand","Urban wastewater collecting system",":",""
"2009","Lubelskie (NUTS 2013)","Thousand","Urban wastewater collecting system",":",""
"2009","Podkarpackie (NUTS 2013)","Thousand","Urban wastewater collecting system",":",""
"2009","Swietokrzyskie (NUTS 2013)","Thousand","Urban wastewater collecting system",":",""
"2009","Podlaskie (NUTS 2013)","Thousand","Urban wastewater collecting system",":",""
"2009","Wielkopolskie","Thousand","Urban wastewater collecting system",":",""
"2009","Zachodniopomorskie","Thousand","Urban wastewater collecting system",":",""
"2009","Lubuskie","Thousand","Urban wastewater collecting system",":",""
"2009","Dolnoslaskie","Thousand","Urban wastewater collecting system",":",""
"2009","Opolskie","Thousand","Urban wastewater collecting system",":",""
"2009","Kujawsko-Pomorskie","Thousand","Urban wastewater collecting system",":",""
"2009","Warminsko-Mazurskie","Thousand","Urban wastewater collecting system",":",""
"2009","Pomorskie","Thousand","Urban wastewater collecting system",":",""
"2009","Portugal","Thousand","Urban wastewater collecting system",":",""
"2009","Norte","Thousand","Urban wastewater collecting system",":",""
"2009","Algarve","Thousand","Urban wastewater collecting system",":",""
"2009","Centro (PT)","Thousand","Urban wastewater collecting system",":",""
"2009","Área Metropolitana de Lisboa","Thousand","Urban wastewater collecting system",":",""
"2009","Alentejo","Thousand","Urban wastewater collecting system",":",""
"2009","Região Autónoma dos Açores (PT)","Thousand","Urban wastewater collecting system",":",""
"2009","Região Autónoma da Madeira (PT)","Thousand","Urban wastewater collecting system",":",""
"2009","Nord-Vest","Thousand","Urban wastewater collecting system",":",""
"2009","Centru","Thousand","Urban wastewater collecting system",":",""
"2009","Nord-Est","Thousand","Urban wastewater collecting system",":",""
"2009","Sud-Est","Thousand","Urban wastewater collecting system",":",""
"2009","Sud - Muntenia","Thousand","Urban wastewater collecting system",":",""
"2009","Bucuresti - Ilfov","Thousand","Urban wastewater collecting system",":",""
"2009","Sud-Vest Oltenia","Thousand","Urban wastewater collecting system",":",""
"2009","Vest","Thousand","Urban wastewater collecting system",":",""
"2009","Slovenia","Thousand","Urban wastewater collecting system",":",""
"2009","Vzhodna Slovenija (NUTS 2010)","Thousand","Urban wastewater collecting system",":",""
"2009","Zahodna Slovenija (NUTS 2010)","Thousand","Urban wastewater collecting system",":",""
"2009","Bratislavský kraj","Thousand","Urban wastewater collecting system",":",""
"2009","Západné Slovensko","Thousand","Urban wastewater collecting system",":",""
"2009","Stredné Slovensko","Thousand","Urban wastewater collecting system",":",""
"2009","Východné Slovensko","Thousand","Urban wastewater collecting system",":",""
"2009","Stockholm","Thousand","Urban wastewater collecting system",":",""
"2009","Östra Mellansverige","Thousand","Urban wastewater collecting system",":",""
"2009","Småland med öarna","Thousand","Urban wastewater collecting system",":",""
"2009","Sydsverige","Thousand","Urban wastewater collecting system",":",""
"2009","Västsverige","Thousand","Urban wastewater collecting system",":",""
"2009","Norra Mellansverige","Thousand","Urban wastewater collecting system",":",""
"2009","Mellersta Norrland","Thousand","Urban wastewater collecting system",":",""
"2009","Övre Norrland","Thousand","Urban wastewater collecting system",":",""
"2009","Iceland","Thousand","Urban wastewater collecting system",":",""
"2009","Oslo og Akershus","Thousand","Urban wastewater collecting system",":",""
"2009","Hedmark og Oppland","Thousand","Urban wastewater collecting system",":",""
"2009","Sør-Østlandet","Thousand","Urban wastewater collecting system",":",""
"2009","Agder og Rogaland","Thousand","Urban wastewater collecting system",":",""
"2009","Vestlandet","Thousand","Urban wastewater collecting system",":",""
"2009","Trøndelag","Thousand","Urban wastewater collecting system",":",""
"2009","Nord-Norge","Thousand","Urban wastewater collecting system",":",""
"2009","Former Yugoslav Republic of Macedonia, the","Thousand","Urban wastewater collecting system",":",""
"2009","Albania","Thousand","Urban wastewater collecting system",":",""
"2009","Serbia","Thousand","Urban wastewater collecting system",":",""
"2009","Istanbul","Thousand","Urban wastewater collecting system",":",""
"2009","Tekirdag, Edirne, Kirklareli","Thousand","Urban wastewater collecting system",":",""
"2009","Balikesir, Çanakkale","Thousand","Urban wastewater collecting system",":",""
"2009","Izmir","Thousand","Urban wastewater collecting system",":",""
"2009","Aydin, Denizli, Mugla","Thousand","Urban wastewater collecting system",":",""
"2009","Manisa, Afyonkarahisar, Kütahya, Usak","Thousand","Urban wastewater collecting system",":",""
"2009","Bursa, Eskisehir, Bilecik","Thousand","Urban wastewater collecting system",":",""
"2009","Kocaeli, Sakarya, Düzce, Bolu, Yalova","Thousand","Urban wastewater collecting system",":",""
"2009","Ankara","Thousand","Urban wastewater collecting system",":",""
"2009","Konya, Karaman","Thousand","Urban wastewater collecting system",":",""
"2009","Antalya, Isparta, Burdur","Thousand","Urban wastewater collecting system",":",""
"2009","Adana, Mersin","Thousand","Urban wastewater collecting system",":",""
"2009","Hatay, Kahramanmaras, Osmaniye","Thousand","Urban wastewater collecting system",":",""
"2009","Kirikkale, Aksaray, Nigde, Nevsehir, Kirsehir","Thousand","Urban wastewater collecting system",":",""
"2009","Kayseri, Sivas, Yozgat","Thousand","Urban wastewater collecting system",":",""
"2009","Zonguldak, Karabük, Bartin","Thousand","Urban wastewater collecting system",":",""
"2009","Kastamonu, Çankiri, Sinop","Thousand","Urban wastewater collecting system",":",""
"2009","Samsun, Tokat, Çorum, Amasya","Thousand","Urban wastewater collecting system",":",""
"2009","Trabzon, Ordu, Giresun, Rize, Artvin, Gümüshane","Thousand","Urban wastewater collecting system",":",""
"2009","Erzurum, Erzincan, Bayburt","Thousand","Urban wastewater collecting system",":",""
"2009","Agri, Kars, Igdir, Ardahan","Thousand","Urban wastewater collecting system",":",""
"2009","Malatya, Elazig, Bingöl, Tunceli","Thousand","Urban wastewater collecting system",":",""
"2009","Van, Mus, Bitlis, Hakkari","Thousand","Urban wastewater collecting system",":",""
"2009","Gaziantep, Adiyaman, Kilis","Thousand","Urban wastewater collecting system",":",""
"2009","Sanliurfa, Diyarbakir","Thousand","Urban wastewater collecting system",":",""
"2009","Mardin, Batman, Sirnak, Siirt","Thousand","Urban wastewater collecting system",":",""
"2009","Kosovo (under United Nations Security Council Resolution 1244/99)","Thousand","Urban wastewater collecting system",":",""
"2010","Région de Bruxelles-Capitale / Brussels Hoofdstedelijk Gewest","Thousand","Urban wastewater collecting system",":",""
"2010","Prov. Antwerpen","Thousand","Urban wastewater collecting system",":",""
"2010","Prov. Limburg (BE)","Thousand","Urban wastewater collecting system",":",""
"2010","Prov. Oost-Vlaanderen","Thousand","Urban wastewater collecting system",":",""
"2010","Prov. Vlaams-Brabant","Thousand","Urban wastewater collecting system",":",""
"2010","Prov. West-Vlaanderen","Thousand","Urban wastewater collecting system",":",""
"2010","Bulgaria","Thousand","Urban wastewater collecting system",":",""
"2010","Severozapaden","Thousand","Urban wastewater collecting system",":",""
"2010","Severen tsentralen","Thousand","Urban wastewater collecting system",":",""
"2010","Severoiztochen","Thousand","Urban wastewater collecting system",":",""
"2010","Yugoiztochen","Thousand","Urban wastewater collecting system",":",""
"2010","Yugozapaden","Thousand","Urban wastewater collecting system",":",""
"2010","Yuzhen tsentralen","Thousand","Urban wastewater collecting system",":",""
"2010","Praha","Thousand","Urban wastewater collecting system",":",""
"2010","Strední Cechy","Thousand","Urban wastewater collecting system",":",""
"2010","Jihozápad","Thousand","Urban wastewater collecting system",":",""
"2010","Severozápad","Thousand","Urban wastewater collecting system",":",""
"2010","Severovýchod","Thousand","Urban wastewater collecting system",":",""
"2010","Jihovýchod","Thousand","Urban wastewater collecting system",":",""
"2010","Strední Morava","Thousand","Urban wastewater collecting system",":",""
"2010","Moravskoslezsko","Thousand","Urban wastewater collecting system",":",""
"2010","Stuttgart","Thousand","Urban wastewater collecting system",":",""
"2010","Karlsruhe","Thousand","Urban wastewater collecting system",":",""
"2010","Freiburg","Thousand","Urban wastewater collecting system",":",""
"2010","Tübingen","Thousand","Urban wastewater collecting system",":",""
"2010","Oberbayern","Thousand","Urban wastewater collecting system",":",""
"2010","Niederbayern","Thousand","Urban wastewater collecting system",":",""
"2010","Oberpfalz","Thousand","Urban wastewater collecting system",":",""
"2010","Oberfranken","Thousand","Urban wastewater collecting system",":",""
"2010","Mittelfranken","Thousand","Urban wastewater collecting system",":",""
"2010","Unterfranken","Thousand","Urban wastewater collecting system",":",""
"2010","Schwaben","Thousand","Urban wastewater collecting system",":",""
"2010","Berlin","Thousand","Urban wastewater collecting system",":",""
"2010","Brandenburg","Thousand","Urban wastewater collecting system",":",""
"2010","Bremen","Thousand","Urban wastewater collecting system",":",""
"2010","Hamburg","Thousand","Urban wastewater collecting system",":",""
"2010","Darmstadt","Thousand","Urban wastewater collecting system",":",""
"2010","Gießen","Thousand","Urban wastewater collecting system",":",""
"2010","Kassel","Thousand","Urban wastewater collecting system",":",""
"2010","Mecklenburg-Vorpommern","Thousand","Urban wastewater collecting system",":",""
"2010","Braunschweig","Thousand","Urban wastewater collecting system",":",""
"2010","Hannover","Thousand","Urban wastewater collecting system",":",""
"2010","Lüneburg","Thousand","Urban wastewater collecting system",":",""
"2010","Weser-Ems","Thousand","Urban wastewater collecting system",":",""
"2010","Düsseldorf","Thousand","Urban wastewater collecting system",":",""
"2010","Köln","Thousand","Urban wastewater collecting system",":",""
"2010","Münster","Thousand","Urban wastewater collecting system",":",""
"2010","Detmold","Thousand","Urban wastewater collecting system",":",""
"2010","Arnsberg","Thousand","Urban wastewater collecting system",":",""
"2010","Koblenz","Thousand","Urban wastewater collecting system",":",""
"2010","Trier","Thousand","Urban wastewater collecting system",":",""
"2010","Rheinhessen-Pfalz","Thousand","Urban wastewater collecting system",":",""
"2010","Saarland","Thousand","Urban wastewater collecting system",":",""
"2010","Dresden","Thousand","Urban wastewater collecting system",":",""
"2010","Chemnitz","Thousand","Urban wastewater collecting system",":",""
"2010","Leipzig","Thousand","Urban wastewater collecting system",":",""
"2010","Sachsen-Anhalt","Thousand","Urban wastewater collecting system",":",""
"2010","Schleswig-Holstein","Thousand","Urban wastewater collecting system",":",""
"2010","Thüringen","Thousand","Urban wastewater collecting system",":",""
"2010","Estonia","Thousand","Urban wastewater collecting system",":",""
"2010","Eesti","Thousand","Urban wastewater collecting system",":",""
"2010","Border, Midland and Western (NUTS 2013)","Thousand","Urban wastewater collecting system",":",""
"2010","Southern and Eastern (NUTS 2013)","Thousand","Urban wastewater collecting system",":",""
"2010","Greece","Thousand","Urban wastewater collecting system",":",""
"2010","Anatoliki Makedonia, Thraki (NUTS 2010)","Thousand","Urban wastewater collecting system",":",""
"2010","Kentriki Makedonia (NUTS 2010)","Thousand","Urban wastewater collecting system",":",""
"2010","Dytiki Makedonia (NUTS 2010)","Thousand","Urban wastewater collecting system",":",""
"2010","Thessalia (NUTS 2010)","Thousand","Urban wastewater collecting system",":",""
"2010","Ipeiros (NUTS 2010)","Thousand","Urban wastewater collecting system",":",""
"2010","Ionia Nisia (NUTS 2010)","Thousand","Urban wastewater collecting system",":",""
"2010","Dytiki Ellada (NUTS 2010)","Thousand","Urban wastewater collecting system",":",""
"2010","Sterea Ellada (NUTS 2010)","Thousand","Urban wastewater collecting system",":",""
"2010","Peloponnisos (NUTS 2010)","Thousand","Urban wastewater collecting system",":",""
"2010","Attiki","Thousand","Urban wastewater collecting system",":",""
"2010","Voreio Aigaio","Thousand","Urban wastewater collecting system",":",""
"2010","Notio Aigaio","Thousand","Urban wastewater collecting system",":",""
"2010","Kriti","Thousand","Urban wastewater collecting system",":",""
"2010","France","Thousand","Urban wastewater collecting system",":",""
"2010","Île de France","Thousand","Urban wastewater collecting system",":",""
"2010","Champagne-Ardenne (NUTS 2013)","Thousand","Urban wastewater collecting system",":",""
"2010","Picardie (NUTS 2013)","Thousand","Urban wastewater collecting system",":",""
"2010","Haute-Normandie (NUTS 2013)","Thousand","Urban wastewater collecting system",":",""
"2010","Centre (FR) (NUTS 2013)","Thousand","Urban wastewater collecting system",":",""
"2010","Basse-Normandie (NUTS 2013)","Thousand","Urban wastewater collecting system",":",""
"2010","Bourgogne (NUTS 2013)","Thousand","Urban wastewater collecting system",":",""
"2010","Nord - Pas-de-Calais (NUTS 2013)","Thousand","Urban wastewater collecting system",":",""
"2010","Lorraine (NUTS 2013)","Thousand","Urban wastewater collecting system",":",""
"2010","Alsace (NUTS 2013)","Thousand","Urban wastewater collecting system",":",""
"2010","Franche-Comté (NUTS 2013)","Thousand","Urban wastewater collecting system",":",""
"2010","Pays de la Loire (NUTS 2013)","Thousand","Urban wastewater collecting system",":",""
"2010","Bretagne (NUTS 2013)","Thousand","Urban wastewater collecting system",":",""
"2010","Poitou-Charentes (NUTS 2013)","Thousand","Urban wastewater collecting system",":",""
"2010","Aquitaine (NUTS 2013)","Thousand","Urban wastewater collecting system",":",""
"2010","Midi-Pyrénées (NUTS 2013)","Thousand","Urban wastewater collecting system",":",""
"2010","Limousin (NUTS 2013)","Thousand","Urban wastewater collecting system",":",""
"2010","Rhône-Alpes (NUTS 2013)","Thousand","Urban wastewater collecting system",":",""
"2010","Auvergne (NUTS 2013)","Thousand","Urban wastewater collecting system",":",""
"2010","Languedoc-Roussillon (NUTS 2013)","Thousand","Urban wastewater collecting system",":",""
"2010","Provence-Alpes-Côte d'Azur (NUTS 2013)","Thousand","Urban wastewater collecting system",":",""
"2010","Corse (NUTS 2013)","Thousand","Urban wastewater collecting system",":",""
"2010","Guadeloupe (NUTS 2010)","Thousand","Urban wastewater collecting system",":",""
"2010","Martinique (NUTS 2010)","Thousand","Urban wastewater collecting system",":",""
"2010","Guyane (NUTS 2010)","Thousand","Urban wastewater collecting system",":",""
"2010","Réunion (NUTS 2010)","Thousand","Urban wastewater collecting system",":",""
"2010","Croatia","Thousand","Urban wastewater collecting system",":",""
"2010","Jadranska Hrvatska","Thousand","Urban wastewater collecting system",":",""
"2010","Kontinentalna Hrvatska","Thousand","Urban wastewater collecting system",":",""
"2010","Cyprus","Thousand","Urban wastewater collecting system",":",""
"2010","Kypros","Thousand","Urban wastewater collecting system",":",""
"2010","Latvia","Thousand","Urban wastewater collecting system",":",""
"2010","Latvija","Thousand","Urban wastewater collecting system",":",""
"2010","Lithuania","Thousand","Urban wastewater collecting system",":",""
"2010","Lietuva (NUTS 2013)","Thousand","Urban wastewater collecting system",":",""
"2010","Luxembourg","Thousand","Urban wastewater collecting system",":",""
"2010","Luxembourg","Thousand","Urban wastewater collecting system",":",""
"2010","Közép-Magyarország (NUTS 2013)","Thousand","Urban wastewater collecting system",":",""
"2010","Közép-Dunántúl","Thousand","Urban wastewater collecting system",":",""
"2010","Nyugat-Dunántúl","Thousand","Urban wastewater collecting system",":",""
"2010","Dél-Dunántúl","Thousand","Urban wastewater collecting system",":",""
"2010","Észak-Magyarország","Thousand","Urban wastewater collecting system",":",""
"2010","Észak-Alföld","Thousand","Urban wastewater collecting system",":",""
"2010","Dél-Alföld","Thousand","Urban wastewater collecting system",":",""
"2010","Malta","Thousand","Urban wastewater collecting system",":",""
"2010","Groningen","Thousand","Urban wastewater collecting system",":",""
"2010","Friesland (NL)","Thousand","Urban wastewater collecting system",":",""
"2010","Drenthe","Thousand","Urban wastewater collecting system",":",""
"2010","Overijssel","Thousand","Urban wastewater collecting system",":",""
"2010","Gelderland","Thousand","Urban wastewater collecting system",":",""
"2010","Flevoland","Thousand","Urban wastewater collecting system",":",""
"2010","Utrecht","Thousand","Urban wastewater collecting system",":",""
"2010","Noord-Holland","Thousand","Urban wastewater collecting system",":",""
"2010","Zuid-Holland","Thousand","Urban wastewater collecting system",":",""
"2010","Zeeland","Thousand","Urban wastewater collecting system",":",""
"2010","Noord-Brabant","Thousand","Urban wastewater collecting system",":",""
"2010","Limburg (NL)","Thousand","Urban wastewater collecting system",":",""
"2010","Burgenland (AT)","Thousand","Urban wastewater collecting system",":",""
"2010","Niederösterreich","Thousand","Urban wastewater collecting system",":",""
"2010","Wien","Thousand","Urban wastewater collecting system",":",""
"2010","Kärnten","Thousand","Urban wastewater collecting system",":",""
"2010","Steiermark","Thousand","Urban wastewater collecting system",":",""
"2010","Oberösterreich","Thousand","Urban wastewater collecting system",":",""
"2010","Salzburg","Thousand","Urban wastewater collecting system",":",""
"2010","Tirol","Thousand","Urban wastewater collecting system",":",""
"2010","Vorarlberg","Thousand","Urban wastewater collecting system",":",""
"2010","Poland","Thousand","Urban wastewater collecting system",":",""
"2010","Lódzkie (NUTS 2013)","Thousand","Urban wastewater collecting system",":",""
"2010","Mazowieckie (NUTS 2013)","Thousand","Urban wastewater collecting system",":",""
"2010","Malopolskie","Thousand","Urban wastewater collecting system",":",""
"2010","Slaskie","Thousand","Urban wastewater collecting system",":",""
"2010","Lubelskie (NUTS 2013)","Thousand","Urban wastewater collecting system",":",""
"2010","Podkarpackie (NUTS 2013)","Thousand","Urban wastewater collecting system",":",""
"2010","Swietokrzyskie (NUTS 2013)","Thousand","Urban wastewater collecting system",":",""
"2010","Podlaskie (NUTS 2013)","Thousand","Urban wastewater collecting system",":",""
"2010","Wielkopolskie","Thousand","Urban wastewater collecting system",":",""
"2010","Zachodniopomorskie","Thousand","Urban wastewater collecting system",":",""
"2010","Lubuskie","Thousand","Urban wastewater collecting system",":",""
"2010","Dolnoslaskie","Thousand","Urban wastewater collecting system",":",""
"2010","Opolskie","Thousand","Urban wastewater collecting system",":",""
"2010","Kujawsko-Pomorskie","Thousand","Urban wastewater collecting system",":",""
"2010","Warminsko-Mazurskie","Thousand","Urban wastewater collecting system",":",""
"2010","Pomorskie","Thousand","Urban wastewater collecting system",":",""
"2010","Portugal","Thousand","Urban wastewater collecting system",":",""
"2010","Norte","Thousand","Urban wastewater collecting system",":",""
"2010","Algarve","Thousand","Urban wastewater collecting system",":",""
"2010","Centro (PT)","Thousand","Urban wastewater collecting system",":",""
"2010","Área Metropolitana de Lisboa","Thousand","Urban wastewater collecting system",":",""
"2010","Alentejo","Thousand","Urban wastewater collecting system",":",""
"2010","Região Autónoma dos Açores (PT)","Thousand","Urban wastewater collecting system",":",""
"2010","Região Autónoma da Madeira (PT)","Thousand","Urban wastewater collecting system",":",""
"2010","Nord-Vest","Thousand","Urban wastewater collecting system",":",""
"2010","Centru","Thousand","Urban wastewater collecting system",":",""
"2010","Nord-Est","Thousand","Urban wastewater collecting system",":",""
"2010","Sud-Est","Thousand","Urban wastewater collecting system",":",""
"2010","Sud - Muntenia","Thousand","Urban wastewater collecting system",":",""
"2010","Bucuresti - Ilfov","Thousand","Urban wastewater collecting system",":",""
"2010","Sud-Vest Oltenia","Thousand","Urban wastewater collecting system",":",""
"2010","Vest","Thousand","Urban wastewater collecting system",":",""
"2010","Slovenia","Thousand","Urban wastewater collecting system",":",""
"2010","Vzhodna Slovenija (NUTS 2010)","Thousand","Urban wastewater collecting system",":",""
"2010","Zahodna Slovenija (NUTS 2010)","Thousand","Urban wastewater collecting system",":",""
"2010","Bratislavský kraj","Thousand","Urban wastewater collecting system",":",""
"2010","Západné Slovensko","Thousand","Urban wastewater collecting system",":",""
"2010","Stredné Slovensko","Thousand","Urban wastewater collecting system",":",""
"2010","Východné Slovensko","Thousand","Urban wastewater collecting system",":",""
"2010","Stockholm","Thousand","Urban wastewater collecting system",":",""
"2010","Östra Mellansverige","Thousand","Urban wastewater collecting system",":",""
"2010","Småland med öarna","Thousand","Urban wastewater collecting system",":",""
"2010","Sydsverige","Thousand","Urban wastewater collecting system",":",""
"2010","Västsverige","Thousand","Urban wastewater collecting system",":",""
"2010","Norra Mellansverige","Thousand","Urban wastewater collecting system",":",""
"2010","Mellersta Norrland","Thousand","Urban wastewater collecting system",":",""
"2010","Övre Norrland","Thousand","Urban wastewater collecting system",":",""
"2010","Iceland","Thousand","Urban wastewater collecting system",":",""
"2010","Oslo og Akershus","Thousand","Urban wastewater collecting system",":",""
"2010","Hedmark og Oppland","Thousand","Urban wastewater collecting system",":",""
"2010","Sør-Østlandet","Thousand","Urban wastewater collecting system",":",""
"2010","Agder og Rogaland","Thousand","Urban wastewater collecting system",":",""
"2010","Vestlandet","Thousand","Urban wastewater collecting system",":",""
"2010","Trøndelag","Thousand","Urban wastewater collecting system",":",""
"2010","Nord-Norge","Thousand","Urban wastewater collecting system",":",""
"2010","Former Yugoslav Republic of Macedonia, the","Thousand","Urban wastewater collecting system",":",""
"2010","Albania","Thousand","Urban wastewater collecting system",":",""
"2010","Serbia","Thousand","Urban wastewater collecting system",":",""
"2010","Istanbul","Thousand","Urban wastewater collecting system",":",""
"2010","Tekirdag, Edirne, Kirklareli","Thousand","Urban wastewater collecting system",":",""
"2010","Balikesir, Çanakkale","Thousand","Urban wastewater collecting system",":",""
"2010","Izmir","Thousand","Urban wastewater collecting system",":",""
"2010","Aydin, Denizli, Mugla","Thousand","Urban wastewater collecting system",":",""
"2010","Manisa, Afyonkarahisar, Kütahya, Usak","Thousand","Urban wastewater collecting system",":",""
"2010","Bursa, Eskisehir, Bilecik","Thousand","Urban wastewater collecting system",":",""
"2010","Kocaeli, Sakarya, Düzce, Bolu, Yalova","Thousand","Urban wastewater collecting system",":",""
"2010","Ankara","Thousand","Urban wastewater collecting system",":",""
"2010","Konya, Karaman","Thousand","Urban wastewater collecting system",":",""
"2010","Antalya, Isparta, Burdur","Thousand","Urban wastewater collecting system",":",""
"2010","Adana, Mersin","Thousand","Urban wastewater collecting system",":",""
"2010","Hatay, Kahramanmaras, Osmaniye","Thousand","Urban wastewater collecting system",":",""
"2010","Kirikkale, Aksaray, Nigde, Nevsehir, Kirsehir","Thousand","Urban wastewater collecting system",":",""
"2010","Kayseri, Sivas, Yozgat","Thousand","Urban wastewater collecting system",":",""
"2010","Zonguldak, Karabük, Bartin","Thousand","Urban wastewater collecting system",":",""
"2010","Kastamonu, Çankiri, Sinop","Thousand","Urban wastewater collecting system",":",""
"2010","Samsun, Tokat, Çorum, Amasya","Thousand","Urban wastewater collecting system",":",""
"2010","Trabzon, Ordu, Giresun, Rize, Artvin, Gümüshane","Thousand","Urban wastewater collecting system",":",""
"2010","Erzurum, Erzincan, Bayburt","Thousand","Urban wastewater collecting system",":",""
"2010","Agri, Kars, Igdir, Ardahan","Thousand","Urban wastewater collecting system",":",""
"2010","Malatya, Elazig, Bingöl, Tunceli","Thousand","Urban wastewater collecting system",":",""
"2010","Van, Mus, Bitlis, Hakkari","Thousand","Urban wastewater collecting system",":",""
"2010","Gaziantep, Adiyaman, Kilis","Thousand","Urban wastewater collecting system",":",""
"2010","Sanliurfa, Diyarbakir","Thousand","Urban wastewater collecting system",":",""
"2010","Mardin, Batman, Sirnak, Siirt","Thousand","Urban wastewater collecting system",":",""
"2010","Kosovo (under United Nations Security Council Resolution 1244/99)","Thousand","Urban wastewater collecting system",":",""
"2011","Région de Bruxelles-Capitale / Brussels Hoofdstedelijk Gewest","Thousand","Urban wastewater collecting system",":",""
"2011","Prov. Antwerpen","Thousand","Urban wastewater collecting system",":",""
"2011","Prov. Limburg (BE)","Thousand","Urban wastewater collecting system",":",""
"2011","Prov. Oost-Vlaanderen","Thousand","Urban wastewater collecting system",":",""
"2011","Prov. Vlaams-Brabant","Thousand","Urban wastewater collecting system",":",""
"2011","Prov. West-Vlaanderen","Thousand","Urban wastewater collecting system",":",""
"2011","Bulgaria","Thousand","Urban wastewater collecting system",":",""
"2011","Severozapaden","Thousand","Urban wastewater collecting system",":",""
"2011","Severen tsentralen","Thousand","Urban wastewater collecting system",":",""
"2011","Severoiztochen","Thousand","Urban wastewater collecting system",":",""
"2011","Yugoiztochen","Thousand","Urban wastewater collecting system",":",""
"2011","Yugozapaden","Thousand","Urban wastewater collecting system",":",""
"2011","Yuzhen tsentralen","Thousand","Urban wastewater collecting system",":",""
"2011","Praha","Thousand","Urban wastewater collecting system",":",""
"2011","Strední Cechy","Thousand","Urban wastewater collecting system",":",""
"2011","Jihozápad","Thousand","Urban wastewater collecting system",":",""
"2011","Severozápad","Thousand","Urban wastewater collecting system",":",""
"2011","Severovýchod","Thousand","Urban wastewater collecting system",":",""
"2011","Jihovýchod","Thousand","Urban wastewater collecting system",":",""
"2011","Strední Morava","Thousand","Urban wastewater collecting system",":",""
"2011","Moravskoslezsko","Thousand","Urban wastewater collecting system",":",""
"2011","Stuttgart","Thousand","Urban wastewater collecting system",":",""
"2011","Karlsruhe","Thousand","Urban wastewater collecting system",":",""
"2011","Freiburg","Thousand","Urban wastewater collecting system",":",""
"2011","Tübingen","Thousand","Urban wastewater collecting system",":",""
"2011","Oberbayern","Thousand","Urban wastewater collecting system",":",""
"2011","Niederbayern","Thousand","Urban wastewater collecting system",":",""
"2011","Oberpfalz","Thousand","Urban wastewater collecting system",":",""
"2011","Oberfranken","Thousand","Urban wastewater collecting system",":",""
"2011","Mittelfranken","Thousand","Urban wastewater collecting system",":",""
"2011","Unterfranken","Thousand","Urban wastewater collecting system",":",""
"2011","Schwaben","Thousand","Urban wastewater collecting system",":",""
"2011","Berlin","Thousand","Urban wastewater collecting system",":",""
"2011","Brandenburg","Thousand","Urban wastewater collecting system",":",""
"2011","Bremen","Thousand","Urban wastewater collecting system",":",""
"2011","Hamburg","Thousand","Urban wastewater collecting system",":",""
"2011","Darmstadt","Thousand","Urban wastewater collecting system",":",""
"2011","Gießen","Thousand","Urban wastewater collecting system",":",""
"2011","Kassel","Thousand","Urban wastewater collecting system",":",""
"2011","Mecklenburg-Vorpommern","Thousand","Urban wastewater collecting system",":",""
"2011","Braunschweig","Thousand","Urban wastewater collecting system",":",""
"2011","Hannover","Thousand","Urban wastewater collecting system",":",""
"2011","Lüneburg","Thousand","Urban wastewater collecting system",":",""
"2011","Weser-Ems","Thousand","Urban wastewater collecting system",":",""
"2011","Düsseldorf","Thousand","Urban wastewater collecting system",":",""
"2011","Köln","Thousand","Urban wastewater collecting system",":",""
"2011","Münster","Thousand","Urban wastewater collecting system",":",""
"2011","Detmold","Thousand","Urban wastewater collecting system",":",""
"2011","Arnsberg","Thousand","Urban wastewater collecting system",":",""
"2011","Koblenz","Thousand","Urban wastewater collecting system",":",""
"2011","Trier","Thousand","Urban wastewater collecting system",":",""
"2011","Rheinhessen-Pfalz","Thousand","Urban wastewater collecting system",":",""
"2011","Saarland","Thousand","Urban wastewater collecting system",":",""
"2011","Dresden","Thousand","Urban wastewater collecting system",":",""
"2011","Chemnitz","Thousand","Urban wastewater collecting system",":",""
"2011","Leipzig","Thousand","Urban wastewater collecting system",":",""
"2011","Sachsen-Anhalt","Thousand","Urban wastewater collecting system",":",""
"2011","Schleswig-Holstein","Thousand","Urban wastewater collecting system",":",""
"2011","Thüringen","Thousand","Urban wastewater collecting system",":",""
"2011","Estonia","Thousand","Urban wastewater collecting system",":",""
"2011","Eesti","Thousand","Urban wastewater collecting system",":",""
"2011","Border, Midland and Western (NUTS 2013)","Thousand","Urban wastewater collecting system",":",""
"2011","Southern and Eastern (NUTS 2013)","Thousand","Urban wastewater collecting system",":",""
"2011","Greece","Thousand","Urban wastewater collecting system",":",""
"2011","Anatoliki Makedonia, Thraki (NUTS 2010)","Thousand","Urban wastewater collecting system",":",""
"2011","Kentriki Makedonia (NUTS 2010)","Thousand","Urban wastewater collecting system",":",""
"2011","Dytiki Makedonia (NUTS 2010)","Thousand","Urban wastewater collecting system",":",""
"2011","Thessalia (NUTS 2010)","Thousand","Urban wastewater collecting system",":",""
"2011","Ipeiros (NUTS 2010)","Thousand","Urban wastewater collecting system",":",""
"2011","Ionia Nisia (NUTS 2010)","Thousand","Urban wastewater collecting system",":",""
"2011","Dytiki Ellada (NUTS 2010)","Thousand","Urban wastewater collecting system",":",""
"2011","Sterea Ellada (NUTS 2010)","Thousand","Urban wastewater collecting system",":",""
"2011","Peloponnisos (NUTS 2010)","Thousand","Urban wastewater collecting system",":",""
"2011","Attiki","Thousand","Urban wastewater collecting system",":",""
"2011","Voreio Aigaio","Thousand","Urban wastewater collecting system",":",""
"2011","Notio Aigaio","Thousand","Urban wastewater collecting system",":",""
"2011","Kriti","Thousand","Urban wastewater collecting system",":",""
"2011","France","Thousand","Urban wastewater collecting system",":",""
"2011","Île de France","Thousand","Urban wastewater collecting system",":",""
"2011","Champagne-Ardenne (NUTS 2013)","Thousand","Urban wastewater collecting system",":",""
"2011","Picardie (NUTS 2013)","Thousand","Urban wastewater collecting system",":",""
"2011","Haute-Normandie (NUTS 2013)","Thousand","Urban wastewater collecting system",":",""
"2011","Centre (FR) (NUTS 2013)","Thousand","Urban wastewater collecting system",":",""
"2011","Basse-Normandie (NUTS 2013)","Thousand","Urban wastewater collecting system",":",""
"2011","Bourgogne (NUTS 2013)","Thousand","Urban wastewater collecting system",":",""
"2011","Nord - Pas-de-Calais (NUTS 2013)","Thousand","Urban wastewater collecting system",":",""
"2011","Lorraine (NUTS 2013)","Thousand","Urban wastewater collecting system",":",""
"2011","Alsace (NUTS 2013)","Thousand","Urban wastewater collecting system",":",""
"2011","Franche-Comté (NUTS 2013)","Thousand","Urban wastewater collecting system",":",""
"2011","Pays de la Loire (NUTS 2013)","Thousand","Urban wastewater collecting system",":",""
"2011","Bretagne (NUTS 2013)","Thousand","Urban wastewater collecting system",":",""
"2011","Poitou-Charentes (NUTS 2013)","Thousand","Urban wastewater collecting system",":",""
"2011","Aquitaine (NUTS 2013)","Thousand","Urban wastewater collecting system",":",""
"2011","Midi-Pyrénées (NUTS 2013)","Thousand","Urban wastewater collecting system",":",""
"2011","Limousin (NUTS 2013)","Thousand","Urban wastewater collecting system",":",""
"2011","Rhône-Alpes (NUTS 2013)","Thousand","Urban wastewater collecting system",":",""
"2011","Auvergne (NUTS 2013)","Thousand","Urban wastewater collecting system",":",""
"2011","Languedoc-Roussillon (NUTS 2013)","Thousand","Urban wastewater collecting system",":",""
"2011","Provence-Alpes-Côte d'Azur (NUTS 2013)","Thousand","Urban wastewater collecting system",":",""
"2011","Corse (NUTS 2013)","Thousand","Urban wastewater collecting system",":",""
"2011","Guadeloupe (NUTS 2010)","Thousand","Urban wastewater collecting system",":",""
"2011","Martinique (NUTS 2010)","Thousand","Urban wastewater collecting system",":",""
"2011","Guyane (NUTS 2010)","Thousand","Urban wastewater collecting system",":",""
"2011","Réunion (NUTS 2010)","Thousand","Urban wastewater collecting system",":",""
"2011","Croatia","Thousand","Urban wastewater collecting system",":",""
"2011","Jadranska Hrvatska","Thousand","Urban wastewater collecting system",":",""
"2011","Kontinentalna Hrvatska","Thousand","Urban wastewater collecting system",":",""
"2011","Cyprus","Thousand","Urban wastewater collecting system",":",""
"2011","Kypros","Thousand","Urban wastewater collecting system",":",""
"2011","Latvia","Thousand","Urban wastewater collecting system",":",""
"2011","Latvija","Thousand","Urban wastewater collecting system",":",""
"2011","Lithuania","Thousand","Urban wastewater collecting system",":",""
"2011","Lietuva (NUTS 2013)","Thousand","Urban wastewater collecting system",":",""
"2011","Luxembourg","Thousand","Urban wastewater collecting system",":",""
"2011","Luxembourg","Thousand","Urban wastewater collecting system",":",""
"2011","Közép-Magyarország (NUTS 2013)","Thousand","Urban wastewater collecting system",":",""
"2011","Közép-Dunántúl","Thousand","Urban wastewater collecting system",":",""
"2011","Nyugat-Dunántúl","Thousand","Urban wastewater collecting system",":",""
"2011","Dél-Dunántúl","Thousand","Urban wastewater collecting system",":",""
"2011","Észak-Magyarország","Thousand","Urban wastewater collecting system",":",""
"2011","Észak-Alföld","Thousand","Urban wastewater collecting system",":",""
"2011","Dél-Alföld","Thousand","Urban wastewater collecting system",":",""
"2011","Malta","Thousand","Urban wastewater collecting system",":",""
"2011","Groningen","Thousand","Urban wastewater collecting system",":",""
"2011","Friesland (NL)","Thousand","Urban wastewater collecting system",":",""
"2011","Drenthe","Thousand","Urban wastewater collecting system",":",""
"2011","Overijssel","Thousand","Urban wastewater collecting system",":",""
"2011","Gelderland","Thousand","Urban wastewater collecting system",":",""
"2011","Flevoland","Thousand","Urban wastewater collecting system",":",""
"2011","Utrecht","Thousand","Urban wastewater collecting system",":",""
"2011","Noord-Holland","Thousand","Urban wastewater collecting system",":",""
"2011","Zuid-Holland","Thousand","Urban wastewater collecting system",":",""
"2011","Zeeland","Thousand","Urban wastewater collecting system",":",""
"2011","Noord-Brabant","Thousand","Urban wastewater collecting system",":",""
"2011","Limburg (NL)","Thousand","Urban wastewater collecting system",":",""
"2011","Burgenland (AT)","Thousand","Urban wastewater collecting system",":",""
"2011","Niederösterreich","Thousand","Urban wastewater collecting system",":",""
"2011","Wien","Thousand","Urban wastewater collecting system",":",""
"2011","Kärnten","Thousand","Urban wastewater collecting system",":",""
"2011","Steiermark","Thousand","Urban wastewater collecting system",":",""
"2011","Oberösterreich","Thousand","Urban wastewater collecting system",":",""
"2011","Salzburg","Thousand","Urban wastewater collecting system",":",""
"2011","Tirol","Thousand","Urban wastewater collecting system",":",""
"2011","Vorarlberg","Thousand","Urban wastewater collecting system",":",""
"2011","Poland","Thousand","Urban wastewater collecting system",":",""
"2011","Lódzkie (NUTS 2013)","Thousand","Urban wastewater collecting system",":",""
"2011","Mazowieckie (NUTS 2013)","Thousand","Urban wastewater collecting system",":",""
"2011","Malopolskie","Thousand","Urban wastewater collecting system",":",""
"2011","Slaskie","Thousand","Urban wastewater collecting system",":",""
"2011","Lubelskie (NUTS 2013)","Thousand","Urban wastewater collecting system",":",""
"2011","Podkarpackie (NUTS 2013)","Thousand","Urban wastewater collecting system",":",""
"2011","Swietokrzyskie (NUTS 2013)","Thousand","Urban wastewater collecting system",":",""
"2011","Podlaskie (NUTS 2013)","Thousand","Urban wastewater collecting system",":",""
"2011","Wielkopolskie","Thousand","Urban wastewater collecting system",":",""
"2011","Zachodniopomorskie","Thousand","Urban wastewater collecting system",":",""
"2011","Lubuskie","Thousand","Urban wastewater collecting system",":",""
"2011","Dolnoslaskie","Thousand","Urban wastewater collecting system",":",""
"2011","Opolskie","Thousand","Urban wastewater collecting system",":",""
"2011","Kujawsko-Pomorskie","Thousand","Urban wastewater collecting system",":",""
"2011","Warminsko-Mazurskie","Thousand","Urban wastewater collecting system",":",""
"2011","Pomorskie","Thousand","Urban wastewater collecting system",":",""
"2011","Portugal","Thousand","Urban wastewater collecting system",":",""
"2011","Norte","Thousand","Urban wastewater collecting system",":",""
"2011","Algarve","Thousand","Urban wastewater collecting system",":",""
"2011","Centro (PT)","Thousand","Urban wastewater collecting system",":",""
"2011","Área Metropolitana de Lisboa","Thousand","Urban wastewater collecting system",":",""
"2011","Alentejo","Thousand","Urban wastewater collecting system",":",""
"2011","Região Autónoma dos Açores (PT)","Thousand","Urban wastewater collecting system",":",""
"2011","Região Autónoma da Madeira (PT)","Thousand","Urban wastewater collecting system",":",""
"2011","Nord-Vest","Thousand","Urban wastewater collecting system",":",""
"2011","Centru","Thousand","Urban wastewater collecting system",":",""
"2011","Nord-Est","Thousand","Urban wastewater collecting system",":",""
"2011","Sud-Est","Thousand","Urban wastewater collecting system",":",""
"2011","Sud - Muntenia","Thousand","Urban wastewater collecting system",":",""
"2011","Bucuresti - Ilfov","Thousand","Urban wastewater collecting system",":",""
"2011","Sud-Vest Oltenia","Thousand","Urban wastewater collecting system",":",""
"2011","Vest","Thousand","Urban wastewater collecting system",":",""
"2011","Slovenia","Thousand","Urban wastewater collecting system",":",""
"2011","Vzhodna Slovenija (NUTS 2010)","Thousand","Urban wastewater collecting system",":",""
"2011","Zahodna Slovenija (NUTS 2010)","Thousand","Urban wastewater collecting system",":",""
"2011","Bratislavský kraj","Thousand","Urban wastewater collecting system",":",""
"2011","Západné Slovensko","Thousand","Urban wastewater collecting system",":",""
"2011","Stredné Slovensko","Thousand","Urban wastewater collecting system",":",""
"2011","Východné Slovensko","Thousand","Urban wastewater collecting system",":",""
"2011","Stockholm","Thousand","Urban wastewater collecting system",":",""
"2011","Östra Mellansverige","Thousand","Urban wastewater collecting system",":",""
"2011","Småland med öarna","Thousand","Urban wastewater collecting system",":",""
"2011","Sydsverige","Thousand","Urban wastewater collecting system",":",""
"2011","Västsverige","Thousand","Urban wastewater collecting system",":",""
"2011","Norra Mellansverige","Thousand","Urban wastewater collecting system",":",""
"2011","Mellersta Norrland","Thousand","Urban wastewater collecting system",":",""
"2011","Övre Norrland","Thousand","Urban wastewater collecting system",":",""
"2011","Iceland","Thousand","Urban wastewater collecting system",":",""
"2011","Oslo og Akershus","Thousand","Urban wastewater collecting system",":",""
"2011","Hedmark og Oppland","Thousand","Urban wastewater collecting system",":",""
"2011","Sør-Østlandet","Thousand","Urban wastewater collecting system",":",""
"2011","Agder og Rogaland","Thousand","Urban wastewater collecting system",":",""
"2011","Vestlandet","Thousand","Urban wastewater collecting system",":",""
"2011","Trøndelag","Thousand","Urban wastewater collecting system",":",""
"2011","Nord-Norge","Thousand","Urban wastewater collecting system",":",""
"2011","Former Yugoslav Republic of Macedonia, the","Thousand","Urban wastewater collecting system",":",""
"2011","Albania","Thousand","Urban wastewater collecting system",":",""
"2011","Serbia","Thousand","Urban wastewater collecting system",":",""
"2011","Istanbul","Thousand","Urban wastewater collecting system",":",""
"2011","Tekirdag, Edirne, Kirklareli","Thousand","Urban wastewater collecting system",":",""
"2011","Balikesir, Çanakkale","Thousand","Urban wastewater collecting system",":",""
"2011","Izmir","Thousand","Urban wastewater collecting system",":",""
"2011","Aydin, Denizli, Mugla","Thousand","Urban wastewater collecting system",":",""
"2011","Manisa, Afyonkarahisar, Kütahya, Usak","Thousand","Urban wastewater collecting system",":",""
"2011","Bursa, Eskisehir, Bilecik","Thousand","Urban wastewater collecting system",":",""
"2011","Kocaeli, Sakarya, Düzce, Bolu, Yalova","Thousand","Urban wastewater collecting system",":",""
"2011","Ankara","Thousand","Urban wastewater collecting system",":",""
"2011","Konya, Karaman","Thousand","Urban wastewater collecting system",":",""
"2011","Antalya, Isparta, Burdur","Thousand","Urban wastewater collecting system",":",""
"2011","Adana, Mersin","Thousand","Urban wastewater collecting system",":",""
"2011","Hatay, Kahramanmaras, Osmaniye","Thousand","Urban wastewater collecting system",":",""
"2011","Kirikkale, Aksaray, Nigde, Nevsehir, Kirsehir","Thousand","Urban wastewater collecting system",":",""
"2011","Kayseri, Sivas, Yozgat","Thousand","Urban wastewater collecting system",":",""
"2011","Zonguldak, Karabük, Bartin","Thousand","Urban wastewater collecting system",":",""
"2011","Kastamonu, Çankiri, Sinop","Thousand","Urban wastewater collecting system",":",""
"2011","Samsun, Tokat, Çorum, Amasya","Thousand","Urban wastewater collecting system",":",""
"2011","Trabzon, Ordu, Giresun, Rize, Artvin, Gümüshane","Thousand","Urban wastewater collecting system",":",""
"2011","Erzurum, Erzincan, Bayburt","Thousand","Urban wastewater collecting system",":",""
"2011","Agri, Kars, Igdir, Ardahan","Thousand","Urban wastewater collecting system",":",""
"2011","Malatya, Elazig, Bingöl, Tunceli","Thousand","Urban wastewater collecting system",":",""
"2011","Van, Mus, Bitlis, Hakkari","Thousand","Urban wastewater collecting system",":",""
"2011","Gaziantep, Adiyaman, Kilis","Thousand","Urban wastewater collecting system",":",""
"2011","Sanliurfa, Diyarbakir","Thousand","Urban wastewater collecting system",":",""
"2011","Mardin, Batman, Sirnak, Siirt","Thousand","Urban wastewater collecting system",":",""
"2011","Kosovo (under United Nations Security Council Resolution 1244/99)","Thousand","Urban wastewater collecting system",":",""
"2012","Région de Bruxelles-Capitale / Brussels Hoofdstedelijk Gewest","Thousand","Urban wastewater collecting system",":",""
"2012","Prov. Antwerpen","Thousand","Urban wastewater collecting system",":",""
"2012","Prov. Limburg (BE)","Thousand","Urban wastewater collecting system",":",""
"2012","Prov. Oost-Vlaanderen","Thousand","Urban wastewater collecting system",":",""
"2012","Prov. Vlaams-Brabant","Thousand","Urban wastewater collecting system",":",""
"2012","Prov. West-Vlaanderen","Thousand","Urban wastewater collecting system",":",""
"2012","Bulgaria","Thousand","Urban wastewater collecting system",":",""
"2012","Severozapaden","Thousand","Urban wastewater collecting system",":",""
"2012","Severen tsentralen","Thousand","Urban wastewater collecting system",":",""
"2012","Severoiztochen","Thousand","Urban wastewater collecting system",":",""
"2012","Yugoiztochen","Thousand","Urban wastewater collecting system",":",""
"2012","Yugozapaden","Thousand","Urban wastewater collecting system",":",""
"2012","Yuzhen tsentralen","Thousand","Urban wastewater collecting system",":",""
"2012","Praha","Thousand","Urban wastewater collecting system",":",""
"2012","Strední Cechy","Thousand","Urban wastewater collecting system",":",""
"2012","Jihozápad","Thousand","Urban wastewater collecting system",":",""
"2012","Severozápad","Thousand","Urban wastewater collecting system",":",""
"2012","Severovýchod","Thousand","Urban wastewater collecting system",":",""
"2012","Jihovýchod","Thousand","Urban wastewater collecting system",":",""
"2012","Strední Morava","Thousand","Urban wastewater collecting system",":",""
"2012","Moravskoslezsko","Thousand","Urban wastewater collecting system",":",""
"2012","Stuttgart","Thousand","Urban wastewater collecting system",":",""
"2012","Karlsruhe","Thousand","Urban wastewater collecting system",":",""
"2012","Freiburg","Thousand","Urban wastewater collecting system",":",""
"2012","Tübingen","Thousand","Urban wastewater collecting system",":",""
"2012","Oberbayern","Thousand","Urban wastewater collecting system",":",""
"2012","Niederbayern","Thousand","Urban wastewater collecting system",":",""
"2012","Oberpfalz","Thousand","Urban wastewater collecting system",":",""
"2012","Oberfranken","Thousand","Urban wastewater collecting system",":",""
"2012","Mittelfranken","Thousand","Urban wastewater collecting system",":",""
"2012","Unterfranken","Thousand","Urban wastewater collecting system",":",""
"2012","Schwaben","Thousand","Urban wastewater collecting system",":",""
"2012","Berlin","Thousand","Urban wastewater collecting system",":",""
"2012","Brandenburg","Thousand","Urban wastewater collecting system",":",""
"2012","Bremen","Thousand","Urban wastewater collecting system",":",""
"2012","Hamburg","Thousand","Urban wastewater collecting system",":",""
"2012","Darmstadt","Thousand","Urban wastewater collecting system",":",""
"2012","Gießen","Thousand","Urban wastewater collecting system",":",""
"2012","Kassel","Thousand","Urban wastewater collecting system",":",""
"2012","Mecklenburg-Vorpommern","Thousand","Urban wastewater collecting system",":",""
"2012","Braunschweig","Thousand","Urban wastewater collecting system",":",""
"2012","Hannover","Thousand","Urban wastewater collecting system",":",""
"2012","Lüneburg","Thousand","Urban wastewater collecting system",":",""
"2012","Weser-Ems","Thousand","Urban wastewater collecting system",":",""
"2012","Düsseldorf","Thousand","Urban wastewater collecting system",":",""
"2012","Köln","Thousand","Urban wastewater collecting system",":",""
"2012","Münster","Thousand","Urban wastewater collecting system",":",""
"2012","Detmold","Thousand","Urban wastewater collecting system",":",""
"2012","Arnsberg","Thousand","Urban wastewater collecting system",":",""
"2012","Koblenz","Thousand","Urban wastewater collecting system",":",""
"2012","Trier","Thousand","Urban wastewater collecting system",":",""
"2012","Rheinhessen-Pfalz","Thousand","Urban wastewater collecting system",":",""
"2012","Saarland","Thousand","Urban wastewater collecting system",":",""
"2012","Dresden","Thousand","Urban wastewater collecting system",":",""
"2012","Chemnitz","Thousand","Urban wastewater collecting system",":",""
"2012","Leipzig","Thousand","Urban wastewater collecting system",":",""
"2012","Sachsen-Anhalt","Thousand","Urban wastewater collecting system",":",""
"2012","Schleswig-Holstein","Thousand","Urban wastewater collecting system",":",""
"2012","Thüringen","Thousand","Urban wastewater collecting system",":",""
"2012","Estonia","Thousand","Urban wastewater collecting system",":",""
"2012","Eesti","Thousand","Urban wastewater collecting system",":",""
"2012","Border, Midland and Western (NUTS 2013)","Thousand","Urban wastewater collecting system",":",""
"2012","Southern and Eastern (NUTS 2013)","Thousand","Urban wastewater collecting system",":",""
"2012","Greece","Thousand","Urban wastewater collecting system",":",""
"2012","Anatoliki Makedonia, Thraki (NUTS 2010)","Thousand","Urban wastewater collecting system",":",""
"2012","Kentriki Makedonia (NUTS 2010)","Thousand","Urban wastewater collecting system",":",""
"2012","Dytiki Makedonia (NUTS 2010)","Thousand","Urban wastewater collecting system",":",""
"2012","Thessalia (NUTS 2010)","Thousand","Urban wastewater collecting system",":",""
"2012","Ipeiros (NUTS 2010)","Thousand","Urban wastewater collecting system",":",""
"2012","Ionia Nisia (NUTS 2010)","Thousand","Urban wastewater collecting system",":",""
"2012","Dytiki Ellada (NUTS 2010)","Thousand","Urban wastewater collecting system",":",""
"2012","Sterea Ellada (NUTS 2010)","Thousand","Urban wastewater collecting system",":",""
"2012","Peloponnisos (NUTS 2010)","Thousand","Urban wastewater collecting system",":",""
"2012","Attiki","Thousand","Urban wastewater collecting system",":",""
"2012","Voreio Aigaio","Thousand","Urban wastewater collecting system",":",""
"2012","Notio Aigaio","Thousand","Urban wastewater collecting system",":",""
"2012","Kriti","Thousand","Urban wastewater collecting system",":",""
"2012","France","Thousand","Urban wastewater collecting system",":",""
"2012","Île de France","Thousand","Urban wastewater collecting system",":",""
"2012","Champagne-Ardenne (NUTS 2013)","Thousand","Urban wastewater collecting system",":",""
"2012","Picardie (NUTS 2013)","Thousand","Urban wastewater collecting system",":",""
"2012","Haute-Normandie (NUTS 2013)","Thousand","Urban wastewater collecting system",":",""
"2012","Centre (FR) (NUTS 2013)","Thousand","Urban wastewater collecting system",":",""
"2012","Basse-Normandie (NUTS 2013)","Thousand","Urban wastewater collecting system",":",""
"2012","Bourgogne (NUTS 2013)","Thousand","Urban wastewater collecting system",":",""
"2012","Nord - Pas-de-Calais (NUTS 2013)","Thousand","Urban wastewater collecting system",":",""
"2012","Lorraine (NUTS 2013)","Thousand","Urban wastewater collecting system",":",""
"2012","Alsace (NUTS 2013)","Thousand","Urban wastewater collecting system",":",""
"2012","Franche-Comté (NUTS 2013)","Thousand","Urban wastewater collecting system",":",""
"2012","Pays de la Loire (NUTS 2013)","Thousand","Urban wastewater collecting system",":",""
"2012","Bretagne (NUTS 2013)","Thousand","Urban wastewater collecting system",":",""
"2012","Poitou-Charentes (NUTS 2013)","Thousand","Urban wastewater collecting system",":",""
"2012","Aquitaine (NUTS 2013)","Thousand","Urban wastewater collecting system",":",""
"2012","Midi-Pyrénées (NUTS 2013)","Thousand","Urban wastewater collecting system",":",""
"2012","Limousin (NUTS 2013)","Thousand","Urban wastewater collecting system",":",""
"2012","Rhône-Alpes (NUTS 2013)","Thousand","Urban wastewater collecting system",":",""
"2012","Auvergne (NUTS 2013)","Thousand","Urban wastewater collecting system",":",""
"2012","Languedoc-Roussillon (NUTS 2013)","Thousand","Urban wastewater collecting system",":",""
"2012","Provence-Alpes-Côte d'Azur (NUTS 2013)","Thousand","Urban wastewater collecting system",":",""
"2012","Corse (NUTS 2013)","Thousand","Urban wastewater collecting system",":",""
"2012","Guadeloupe (NUTS 2010)","Thousand","Urban wastewater collecting system",":",""
"2012","Martinique (NUTS 2010)","Thousand","Urban wastewater collecting system",":",""
"2012","Guyane (NUTS 2010)","Thousand","Urban wastewater collecting system",":",""
"2012","Réunion (NUTS 2010)","Thousand","Urban wastewater collecting system",":",""
"2012","Croatia","Thousand","Urban wastewater collecting system",":",""
"2012","Jadranska Hrvatska","Thousand","Urban wastewater collecting system",":",""
"2012","Kontinentalna Hrvatska","Thousand","Urban wastewater collecting system",":",""
"2012","Cyprus","Thousand","Urban wastewater collecting system",":",""
"2012","Kypros","Thousand","Urban wastewater collecting system",":",""
"2012","Latvia","Thousand","Urban wastewater collecting system",":",""
"2012","Latvija","Thousand","Urban wastewater collecting system",":",""
"2012","Lithuania","Thousand","Urban wastewater collecting system",":",""
"2012","Lietuva (NUTS 2013)","Thousand","Urban wastewater collecting system",":",""
"2012","Luxembourg","Thousand","Urban wastewater collecting system",":",""
"2012","Luxembourg","Thousand","Urban wastewater collecting system",":",""
"2012","Közép-Magyarország (NUTS 2013)","Thousand","Urban wastewater collecting system",":",""
"2012","Közép-Dunántúl","Thousand","Urban wastewater collecting system",":",""
"2012","Nyugat-Dunántúl","Thousand","Urban wastewater collecting system",":",""
"2012","Dél-Dunántúl","Thousand","Urban wastewater collecting system",":",""
"2012","Észak-Magyarország","Thousand","Urban wastewater collecting system",":",""
"2012","Észak-Alföld","Thousand","Urban wastewater collecting system",":",""
"2012","Dél-Alföld","Thousand","Urban wastewater collecting system",":",""
"2012","Malta","Thousand","Urban wastewater collecting system",":",""
"2012","Groningen","Thousand","Urban wastewater collecting system",":",""
"2012","Friesland (NL)","Thousand","Urban wastewater collecting system",":",""
"2012","Drenthe","Thousand","Urban wastewater collecting system",":",""
"2012","Overijssel","Thousand","Urban wastewater collecting system",":",""
"2012","Gelderland","Thousand","Urban wastewater collecting system",":",""
"2012","Flevoland","Thousand","Urban wastewater collecting system",":",""
"2012","Utrecht","Thousand","Urban wastewater collecting system",":",""
"2012","Noord-Holland","Thousand","Urban wastewater collecting system",":",""
"2012","Zuid-Holland","Thousand","Urban wastewater collecting system",":",""
"2012","Zeeland","Thousand","Urban wastewater collecting system",":",""
"2012","Noord-Brabant","Thousand","Urban wastewater collecting system",":",""
"2012","Limburg (NL)","Thousand","Urban wastewater collecting system",":",""
"2012","Burgenland (AT)","Thousand","Urban wastewater collecting system",":",""
"2012","Niederösterreich","Thousand","Urban wastewater collecting system",":",""
"2012","Wien","Thousand","Urban wastewater collecting system",":",""
"2012","Kärnten","Thousand","Urban wastewater collecting system",":",""
"2012","Steiermark","Thousand","Urban wastewater collecting system",":",""
"2012","Oberösterreich","Thousand","Urban wastewater collecting system",":",""
"2012","Salzburg","Thousand","Urban wastewater collecting system",":",""
"2012","Tirol","Thousand","Urban wastewater collecting system",":",""
"2012","Vorarlberg","Thousand","Urban wastewater collecting system",":",""
"2012","Poland","Thousand","Urban wastewater collecting system",":",""
"2012","Lódzkie (NUTS 2013)","Thousand","Urban wastewater collecting system",":",""
"2012","Mazowieckie (NUTS 2013)","Thousand","Urban wastewater collecting system",":",""
"2012","Malopolskie","Thousand","Urban wastewater collecting system",":",""
"2012","Slaskie","Thousand","Urban wastewater collecting system",":",""
"2012","Lubelskie (NUTS 2013)","Thousand","Urban wastewater collecting system",":",""
"2012","Podkarpackie (NUTS 2013)","Thousand","Urban wastewater collecting system",":",""
"2012","Swietokrzyskie (NUTS 2013)","Thousand","Urban wastewater collecting system",":",""
"2012","Podlaskie (NUTS 2013)","Thousand","Urban wastewater collecting system",":",""
"2012","Wielkopolskie","Thousand","Urban wastewater collecting system",":",""
"2012","Zachodniopomorskie","Thousand","Urban wastewater collecting system",":",""
"2012","Lubuskie","Thousand","Urban wastewater collecting system",":",""
"2012","Dolnoslaskie","Thousand","Urban wastewater collecting system",":",""
"2012","Opolskie","Thousand","Urban wastewater collecting system",":",""
"2012","Kujawsko-Pomorskie","Thousand","Urban wastewater collecting system",":",""
"2012","Warminsko-Mazurskie","Thousand","Urban wastewater collecting system",":",""
"2012","Pomorskie","Thousand","Urban wastewater collecting system",":",""
"2012","Portugal","Thousand","Urban wastewater collecting system",":",""
"2012","Norte","Thousand","Urban wastewater collecting system",":",""
"2012","Algarve","Thousand","Urban wastewater collecting system",":",""
"2012","Centro (PT)","Thousand","Urban wastewater collecting system",":",""
"2012","Área Metropolitana de Lisboa","Thousand","Urban wastewater collecting system",":",""
"2012","Alentejo","Thousand","Urban wastewater collecting system",":",""
"2012","Região Autónoma dos Açores (PT)","Thousand","Urban wastewater collecting system",":",""
"2012","Região Autónoma da Madeira (PT)","Thousand","Urban wastewater collecting system",":",""
"2012","Nord-Vest","Thousand","Urban wastewater collecting system",":",""
"2012","Centru","Thousand","Urban wastewater collecting system",":",""
"2012","Nord-Est","Thousand","Urban wastewater collecting system",":",""
"2012","Sud-Est","Thousand","Urban wastewater collecting system",":",""
"2012","Sud - Muntenia","Thousand","Urban wastewater collecting system",":",""
"2012","Bucuresti - Ilfov","Thousand","Urban wastewater collecting system",":",""
"2012","Sud-Vest Oltenia","Thousand","Urban wastewater collecting system",":",""
"2012","Vest","Thousand","Urban wastewater collecting system",":",""
"2012","Slovenia","Thousand","Urban wastewater collecting system",":",""
"2012","Vzhodna Slovenija (NUTS 2010)","Thousand","Urban wastewater collecting system",":",""
"2012","Zahodna Slovenija (NUTS 2010)","Thousand","Urban wastewater collecting system",":",""
"2012","Bratislavský kraj","Thousand","Urban wastewater collecting system",":",""
"2012","Západné Slovensko","Thousand","Urban wastewater collecting system",":",""
"2012","Stredné Slovensko","Thousand","Urban wastewater collecting system",":",""
"2012","Východné Slovensko","Thousand","Urban wastewater collecting system",":",""
"2012","Stockholm","Thousand","Urban wastewater collecting system",":",""
"2012","Östra Mellansverige","Thousand","Urban wastewater collecting system",":",""
"2012","Småland med öarna","Thousand","Urban wastewater collecting system",":",""
"2012","Sydsverige","Thousand","Urban wastewater collecting system",":",""
"2012","Västsverige","Thousand","Urban wastewater collecting system",":",""
"2012","Norra Mellansverige","Thousand","Urban wastewater collecting system",":",""
"2012","Mellersta Norrland","Thousand","Urban wastewater collecting system",":",""
"2012","Övre Norrland","Thousand","Urban wastewater collecting system",":",""
"2012","Iceland","Thousand","Urban wastewater collecting system",":",""
"2012","Oslo og Akershus","Thousand","Urban wastewater collecting system",":",""
"2012","Hedmark og Oppland","Thousand","Urban wastewater collecting system",":",""
"2012","Sør-Østlandet","Thousand","Urban wastewater collecting system",":",""
"2012","Agder og Rogaland","Thousand","Urban wastewater collecting system",":",""
"2012","Vestlandet","Thousand","Urban wastewater collecting system",":",""
"2012","Trøndelag","Thousand","Urban wastewater collecting system",":",""
"2012","Nord-Norge","Thousand","Urban wastewater collecting system",":",""
"2012","Former Yugoslav Republic of Macedonia, the","Thousand","Urban wastewater collecting system",":",""
"2012","Albania","Thousand","Urban wastewater collecting system",":",""
"2012","Serbia","Thousand","Urban wastewater collecting system",":",""
"2012","Istanbul","Thousand","Urban wastewater collecting system",":",""
"2012","Tekirdag, Edirne, Kirklareli","Thousand","Urban wastewater collecting system",":",""
"2012","Balikesir, Çanakkale","Thousand","Urban wastewater collecting system",":",""
"2012","Izmir","Thousand","Urban wastewater collecting system",":",""
"2012","Aydin, Denizli, Mugla","Thousand","Urban wastewater collecting system",":",""
"2012","Manisa, Afyonkarahisar, Kütahya, Usak","Thousand","Urban wastewater collecting system",":",""
"2012","Bursa, Eskisehir, Bilecik","Thousand","Urban wastewater collecting system",":",""
"2012","Kocaeli, Sakarya, Düzce, Bolu, Yalova","Thousand","Urban wastewater collecting system",":",""
"2012","Ankara","Thousand","Urban wastewater collecting system",":",""
"2012","Konya, Karaman","Thousand","Urban wastewater collecting system",":",""
"2012","Antalya, Isparta, Burdur","Thousand","Urban wastewater collecting system",":",""
"2012","Adana, Mersin","Thousand","Urban wastewater collecting system",":",""
"2012","Hatay, Kahramanmaras, Osmaniye","Thousand","Urban wastewater collecting system",":",""
"2012","Kirikkale, Aksaray, Nigde, Nevsehir, Kirsehir","Thousand","Urban wastewater collecting system",":",""
"2012","Kayseri, Sivas, Yozgat","Thousand","Urban wastewater collecting system",":",""
"2012","Zonguldak, Karabük, Bartin","Thousand","Urban wastewater collecting system",":",""
"2012","Kastamonu, Çankiri, Sinop","Thousand","Urban wastewater collecting system",":",""
"2012","Samsun, Tokat, Çorum, Amasya","Thousand","Urban wastewater collecting system",":",""
"2012","Trabzon, Ordu, Giresun, Rize, Artvin, Gümüshane","Thousand","Urban wastewater collecting system",":",""
"2012","Erzurum, Erzincan, Bayburt","Thousand","Urban wastewater collecting system",":",""
"2012","Agri, Kars, Igdir, Ardahan","Thousand","Urban wastewater collecting system",":",""
"2012","Malatya, Elazig, Bingöl, Tunceli","Thousand","Urban wastewater collecting system",":",""
"2012","Van, Mus, Bitlis, Hakkari","Thousand","Urban wastewater collecting system",":",""
"2012","Gaziantep, Adiyaman, Kilis","Thousand","Urban wastewater collecting system",":",""
"2012","Sanliurfa, Diyarbakir","Thousand","Urban wastewater collecting system",":",""
"2012","Mardin, Batman, Sirnak, Siirt","Thousand","Urban wastewater collecting system",":",""
"2012","Kosovo (under United Nations Security Council Resolution 1244/99)","Thousand","Urban wastewater collecting system",":",""
"2013","Région de Bruxelles-Capitale / Brussels Hoofdstedelijk Gewest","Thousand","Urban wastewater collecting system",":",""
"2013","Prov. Antwerpen","Thousand","Urban wastewater collecting system",":",""
"2013","Prov. Limburg (BE)","Thousand","Urban wastewater collecting system",":",""
"2013","Prov. Oost-Vlaanderen","Thousand","Urban wastewater collecting system",":",""
"2013","Prov. Vlaams-Brabant","Thousand","Urban wastewater collecting system",":",""
"2013","Prov. West-Vlaanderen","Thousand","Urban wastewater collecting system",":",""
"2013","Bulgaria","Thousand","Urban wastewater collecting system",":",""
"2013","Severozapaden","Thousand","Urban wastewater collecting system",":",""
"2013","Severen tsentralen","Thousand","Urban wastewater collecting system",":",""
"2013","Severoiztochen","Thousand","Urban wastewater collecting system",":",""
"2013","Yugoiztochen","Thousand","Urban wastewater collecting system",":",""
"2013","Yugozapaden","Thousand","Urban wastewater collecting system",":",""
"2013","Yuzhen tsentralen","Thousand","Urban wastewater collecting system",":",""
"2013","Praha","Thousand","Urban wastewater collecting system",":",""
"2013","Strední Cechy","Thousand","Urban wastewater collecting system",":",""
"2013","Jihozápad","Thousand","Urban wastewater collecting system",":",""
"2013","Severozápad","Thousand","Urban wastewater collecting system",":",""
"2013","Severovýchod","Thousand","Urban wastewater collecting system",":",""
"2013","Jihovýchod","Thousand","Urban wastewater collecting system",":",""
"2013","Strední Morava","Thousand","Urban wastewater collecting system",":",""
"2013","Moravskoslezsko","Thousand","Urban wastewater collecting system",":",""
"2013","Stuttgart","Thousand","Urban wastewater collecting system",":",""
"2013","Karlsruhe","Thousand","Urban wastewater collecting system",":",""
"2013","Freiburg","Thousand","Urban wastewater collecting system",":",""
"2013","Tübingen","Thousand","Urban wastewater collecting system",":",""
"2013","Oberbayern","Thousand","Urban wastewater collecting system",":",""
"2013","Niederbayern","Thousand","Urban wastewater collecting system",":",""
"2013","Oberpfalz","Thousand","Urban wastewater collecting system",":",""
"2013","Oberfranken","Thousand","Urban wastewater collecting system",":",""
"2013","Mittelfranken","Thousand","Urban wastewater collecting system",":",""
"2013","Unterfranken","Thousand","Urban wastewater collecting system",":",""
"2013","Schwaben","Thousand","Urban wastewater collecting system",":",""
"2013","Berlin","Thousand","Urban wastewater collecting system",":",""
"2013","Brandenburg","Thousand","Urban wastewater collecting system",":",""
"2013","Bremen","Thousand","Urban wastewater collecting system",":",""
"2013","Hamburg","Thousand","Urban wastewater collecting system",":",""
"2013","Darmstadt","Thousand","Urban wastewater collecting system",":",""
"2013","Gießen","Thousand","Urban wastewater collecting system",":",""
"2013","Kassel","Thousand","Urban wastewater collecting system",":",""
"2013","Mecklenburg-Vorpommern","Thousand","Urban wastewater collecting system",":",""
"2013","Braunschweig","Thousand","Urban wastewater collecting system",":",""
"2013","Hannover","Thousand","Urban wastewater collecting system",":",""
"2013","Lüneburg","Thousand","Urban wastewater collecting system",":",""
"2013","Weser-Ems","Thousand","Urban wastewater collecting system",":",""
"2013","Düsseldorf","Thousand","Urban wastewater collecting system",":",""
"2013","Köln","Thousand","Urban wastewater collecting system",":",""
"2013","Münster","Thousand","Urban wastewater collecting system",":",""
"2013","Detmold","Thousand","Urban wastewater collecting system",":",""
"2013","Arnsberg","Thousand","Urban wastewater collecting system",":",""
"2013","Koblenz","Thousand","Urban wastewater collecting system",":",""
"2013","Trier","Thousand","Urban wastewater collecting system",":",""
"2013","Rheinhessen-Pfalz","Thousand","Urban wastewater collecting system",":",""
"2013","Saarland","Thousand","Urban wastewater collecting system",":",""
"2013","Dresden","Thousand","Urban wastewater collecting system",":",""
"2013","Chemnitz","Thousand","Urban wastewater collecting system",":",""
"2013","Leipzig","Thousand","Urban wastewater collecting system",":",""
"2013","Sachsen-Anhalt","Thousand","Urban wastewater collecting system",":",""
"2013","Schleswig-Holstein","Thousand","Urban wastewater collecting system",":",""
"2013","Thüringen","Thousand","Urban wastewater collecting system",":",""
"2013","Estonia","Thousand","Urban wastewater collecting system",":",""
"2013","Eesti","Thousand","Urban wastewater collecting system",":",""
"2013","Border, Midland and Western (NUTS 2013)","Thousand","Urban wastewater collecting system",":",""
"2013","Southern and Eastern (NUTS 2013)","Thousand","Urban wastewater collecting system",":",""
"2013","Greece","Thousand","Urban wastewater collecting system",":",""
"2013","Anatoliki Makedonia, Thraki (NUTS 2010)","Thousand","Urban wastewater collecting system",":",""
"2013","Kentriki Makedonia (NUTS 2010)","Thousand","Urban wastewater collecting system",":",""
"2013","Dytiki Makedonia (NUTS 2010)","Thousand","Urban wastewater collecting system",":",""
"2013","Thessalia (NUTS 2010)","Thousand","Urban wastewater collecting system",":",""
"2013","Ipeiros (NUTS 2010)","Thousand","Urban wastewater collecting system",":",""
"2013","Ionia Nisia (NUTS 2010)","Thousand","Urban wastewater collecting system",":",""
"2013","Dytiki Ellada (NUTS 2010)","Thousand","Urban wastewater collecting system",":",""
"2013","Sterea Ellada (NUTS 2010)","Thousand","Urban wastewater collecting system",":",""
"2013","Peloponnisos (NUTS 2010)","Thousand","Urban wastewater collecting system",":",""
"2013","Attiki","Thousand","Urban wastewater collecting system",":",""
"2013","Voreio Aigaio","Thousand","Urban wastewater collecting system",":",""
"2013","Notio Aigaio","Thousand","Urban wastewater collecting system",":",""
"2013","Kriti","Thousand","Urban wastewater collecting system",":",""
"2013","France","Thousand","Urban wastewater collecting system",":",""
"2013","Île de France","Thousand","Urban wastewater collecting system",":",""
"2013","Champagne-Ardenne (NUTS 2013)","Thousand","Urban wastewater collecting system",":",""
"2013","Picardie (NUTS 2013)","Thousand","Urban wastewater collecting system",":",""
"2013","Haute-Normandie (NUTS 2013)","Thousand","Urban wastewater collecting system",":",""
"2013","Centre (FR) (NUTS 2013)","Thousand","Urban wastewater collecting system",":",""
"2013","Basse-Normandie (NUTS 2013)","Thousand","Urban wastewater collecting system",":",""
"2013","Bourgogne (NUTS 2013)","Thousand","Urban wastewater collecting system",":",""
"2013","Nord - Pas-de-Calais (NUTS 2013)","Thousand","Urban wastewater collecting system",":",""
"2013","Lorraine (NUTS 2013)","Thousand","Urban wastewater collecting system",":",""
"2013","Alsace (NUTS 2013)","Thousand","Urban wastewater collecting system",":",""
"2013","Franche-Comté (NUTS 2013)","Thousand","Urban wastewater collecting system",":",""
"2013","Pays de la Loire (NUTS 2013)","Thousand","Urban wastewater collecting system",":",""
"2013","Bretagne (NUTS 2013)","Thousand","Urban wastewater collecting system",":",""
"2013","Poitou-Charentes (NUTS 2013)","Thousand","Urban wastewater collecting system",":",""
"2013","Aquitaine (NUTS 2013)","Thousand","Urban wastewater collecting system",":",""
"2013","Midi-Pyrénées (NUTS 2013)","Thousand","Urban wastewater collecting system",":",""
"2013","Limousin (NUTS 2013)","Thousand","Urban wastewater collecting system",":",""
"2013","Rhône-Alpes (NUTS 2013)","Thousand","Urban wastewater collecting system",":",""
"2013","Auvergne (NUTS 2013)","Thousand","Urban wastewater collecting system",":",""
"2013","Languedoc-Roussillon (NUTS 2013)","Thousand","Urban wastewater collecting system",":",""
"2013","Provence-Alpes-Côte d'Azur (NUTS 2013)","Thousand","Urban wastewater collecting system",":",""
"2013","Corse (NUTS 2013)","Thousand","Urban wastewater collecting system",":",""
"2013","Guadeloupe (NUTS 2010)","Thousand","Urban wastewater collecting system",":",""
"2013","Martinique (NUTS 2010)","Thousand","Urban wastewater collecting system",":",""
"2013","Guyane (NUTS 2010)","Thousand","Urban wastewater collecting system",":",""
"2013","Réunion (NUTS 2010)","Thousand","Urban wastewater collecting system",":",""
"2013","Croatia","Thousand","Urban wastewater collecting system",":",""
"2013","Jadranska Hrvatska","Thousand","Urban wastewater collecting system",":",""
"2013","Kontinentalna Hrvatska","Thousand","Urban wastewater collecting system",":",""
"2013","Cyprus","Thousand","Urban wastewater collecting system",":",""
"2013","Kypros","Thousand","Urban wastewater collecting system",":",""
"2013","Latvia","Thousand","Urban wastewater collecting system",":",""
"2013","Latvija","Thousand","Urban wastewater collecting system",":",""
"2013","Lithuania","Thousand","Urban wastewater collecting system",":",""
"2013","Lietuva (NUTS 2013)","Thousand","Urban wastewater collecting system",":",""
"2013","Luxembourg","Thousand","Urban wastewater collecting system",":",""
"2013","Luxembourg","Thousand","Urban wastewater collecting system",":",""
"2013","Közép-Magyarország (NUTS 2013)","Thousand","Urban wastewater collecting system",":",""
"2013","Közép-Dunántúl","Thousand","Urban wastewater collecting system",":",""
"2013","Nyugat-Dunántúl","Thousand","Urban wastewater collecting system",":",""
"2013","Dél-Dunántúl","Thousand","Urban wastewater collecting system",":",""
"2013","Észak-Magyarország","Thousand","Urban wastewater collecting system",":",""
"2013","Észak-Alföld","Thousand","Urban wastewater collecting system",":",""
"2013","Dél-Alföld","Thousand","Urban wastewater collecting system",":",""
"2013","Malta","Thousand","Urban wastewater collecting system",":",""
"2013","Groningen","Thousand","Urban wastewater collecting system",":",""
"2013","Friesland (NL)","Thousand","Urban wastewater collecting system",":",""
"2013","Drenthe","Thousand","Urban wastewater collecting system",":",""
"2013","Overijssel","Thousand","Urban wastewater collecting system",":",""
"2013","Gelderland","Thousand","Urban wastewater collecting system",":",""
"2013","Flevoland","Thousand","Urban wastewater collecting system",":",""
"2013","Utrecht","Thousand","Urban wastewater collecting system",":",""
"2013","Noord-Holland","Thousand","Urban wastewater collecting system",":",""
"2013","Zuid-Holland","Thousand","Urban wastewater collecting system",":",""
"2013","Zeeland","Thousand","Urban wastewater collecting system",":",""
"2013","Noord-Brabant","Thousand","Urban wastewater collecting system",":",""
"2013","Limburg (NL)","Thousand","Urban wastewater collecting system",":",""
"2013","Burgenland (AT)","Thousand","Urban wastewater collecting system",":",""
"2013","Niederösterreich","Thousand","Urban wastewater collecting system",":",""
"2013","Wien","Thousand","Urban wastewater collecting system",":",""
"2013","Kärnten","Thousand","Urban wastewater collecting system",":",""
"2013","Steiermark","Thousand","Urban wastewater collecting system",":",""
"2013","Oberösterreich","Thousand","Urban wastewater collecting system",":",""
"2013","Salzburg","Thousand","Urban wastewater collecting system",":",""
"2013","Tirol","Thousand","Urban wastewater collecting system",":",""
"2013","Vorarlberg","Thousand","Urban wastewater collecting system",":",""
"2013","Poland","Thousand","Urban wastewater collecting system",":",""
"2013","Lódzkie (NUTS 2013)","Thousand","Urban wastewater collecting system",":",""
"2013","Mazowieckie (NUTS 2013)","Thousand","Urban wastewater collecting system",":",""
"2013","Malopolskie","Thousand","Urban wastewater collecting system",":",""
"2013","Slaskie","Thousand","Urban wastewater collecting system",":",""
"2013","Lubelskie (NUTS 2013)","Thousand","Urban wastewater collecting system",":",""
"2013","Podkarpackie (NUTS 2013)","Thousand","Urban wastewater collecting system",":",""
"2013","Swietokrzyskie (NUTS 2013)","Thousand","Urban wastewater collecting system",":",""
"2013","Podlaskie (NUTS 2013)","Thousand","Urban wastewater collecting system",":",""
"2013","Wielkopolskie","Thousand","Urban wastewater collecting system",":",""
"2013","Zachodniopomorskie","Thousand","Urban wastewater collecting system",":",""
"2013","Lubuskie","Thousand","Urban wastewater collecting system",":",""
"2013","Dolnoslaskie","Thousand","Urban wastewater collecting system",":",""
"2013","Opolskie","Thousand","Urban wastewater collecting system",":",""
"2013","Kujawsko-Pomorskie","Thousand","Urban wastewater collecting system",":",""
"2013","Warminsko-Mazurskie","Thousand","Urban wastewater collecting system",":",""
"2013","Pomorskie","Thousand","Urban wastewater collecting system",":",""
"2013","Portugal","Thousand","Urban wastewater collecting system",":",""
"2013","Norte","Thousand","Urban wastewater collecting system",":",""
"2013","Algarve","Thousand","Urban wastewater collecting system",":",""
"2013","Centro (PT)","Thousand","Urban wastewater collecting system",":",""
"2013","Área Metropolitana de Lisboa","Thousand","Urban wastewater collecting system",":",""
"2013","Alentejo","Thousand","Urban wastewater collecting system",":",""
"2013","Região Autónoma dos Açores (PT)","Thousand","Urban wastewater collecting system",":",""
"2013","Região Autónoma da Madeira (PT)","Thousand","Urban wastewater collecting system",":",""
"2013","Nord-Vest","Thousand","Urban wastewater collecting system",":",""
"2013","Centru","Thousand","Urban wastewater collecting system",":",""
"2013","Nord-Est","Thousand","Urban wastewater collecting system",":",""
"2013","Sud-Est","Thousand","Urban wastewater collecting system",":",""
"2013","Sud - Muntenia","Thousand","Urban wastewater collecting system",":",""
"2013","Bucuresti - Ilfov","Thousand","Urban wastewater collecting system",":",""
"2013","Sud-Vest Oltenia","Thousand","Urban wastewater collecting system",":",""
"2013","Vest","Thousand","Urban wastewater collecting system",":",""
"2013","Slovenia","Thousand","Urban wastewater collecting system",":",""
"2013","Vzhodna Slovenija (NUTS 2010)","Thousand","Urban wastewater collecting system",":",""
"2013","Zahodna Slovenija (NUTS 2010)","Thousand","Urban wastewater collecting system",":",""
"2013","Bratislavský kraj","Thousand","Urban wastewater collecting system",":",""
"2013","Západné Slovensko","Thousand","Urban wastewater collecting system",":",""
"2013","Stredné Slovensko","Thousand","Urban wastewater collecting system",":",""
"2013","Východné Slovensko","Thousand","Urban wastewater collecting system",":",""
"2013","Stockholm","Thousand","Urban wastewater collecting system",":",""
"2013","Östra Mellansverige","Thousand","Urban wastewater collecting system",":",""
"2013","Småland med öarna","Thousand","Urban wastewater collecting system",":",""
"2013","Sydsverige","Thousand","Urban wastewater collecting system",":",""
"2013","Västsverige","Thousand","Urban wastewater collecting system",":",""
"2013","Norra Mellansverige","Thousand","Urban wastewater collecting system",":",""
"2013","Mellersta Norrland","Thousand","Urban wastewater collecting system",":",""
"2013","Övre Norrland","Thousand","Urban wastewater collecting system",":",""
"2013","Iceland","Thousand","Urban wastewater collecting system",":",""
"2013","Oslo og Akershus","Thousand","Urban wastewater collecting system",":",""
"2013","Hedmark og Oppland","Thousand","Urban wastewater collecting system",":",""
"2013","Sør-Østlandet","Thousand","Urban wastewater collecting system",":",""
"2013","Agder og Rogaland","Thousand","Urban wastewater collecting system",":",""
"2013","Vestlandet","Thousand","Urban wastewater collecting system",":",""
"2013","Trøndelag","Thousand","Urban wastewater collecting system",":",""
"2013","Nord-Norge","Thousand","Urban wastewater collecting system",":",""
"2013","Former Yugoslav Republic of Macedonia, the","Thousand","Urban wastewater collecting system",":",""
"2013","Albania","Thousand","Urban wastewater collecting system",":",""
"2013","Serbia","Thousand","Urban wastewater collecting system",":",""
"2013","Istanbul","Thousand","Urban wastewater collecting system",":",""
"2013","Tekirdag, Edirne, Kirklareli","Thousand","Urban wastewater collecting system",":",""
"2013","Balikesir, Çanakkale","Thousand","Urban wastewater collecting system",":",""
"2013","Izmir","Thousand","Urban wastewater collecting system",":",""
"2013","Aydin, Denizli, Mugla","Thousand","Urban wastewater collecting system",":",""
"2013","Manisa, Afyonkarahisar, Kütahya, Usak","Thousand","Urban wastewater collecting system",":",""
"2013","Bursa, Eskisehir, Bilecik","Thousand","Urban wastewater collecting system",":",""
"2013","Kocaeli, Sakarya, Düzce, Bolu, Yalova","Thousand","Urban wastewater collecting system",":",""
"2013","Ankara","Thousand","Urban wastewater collecting system",":",""
"2013","Konya, Karaman","Thousand","Urban wastewater collecting system",":",""
"2013","Antalya, Isparta, Burdur","Thousand","Urban wastewater collecting system",":",""
"2013","Adana, Mersin","Thousand","Urban wastewater collecting system",":",""
"2013","Hatay, Kahramanmaras, Osmaniye","Thousand","Urban wastewater collecting system",":",""
"2013","Kirikkale, Aksaray, Nigde, Nevsehir, Kirsehir","Thousand","Urban wastewater collecting system",":",""
"2013","Kayseri, Sivas, Yozgat","Thousand","Urban wastewater collecting system",":",""
"2013","Zonguldak, Karabük, Bartin","Thousand","Urban wastewater collecting system",":",""
"2013","Kastamonu, Çankiri, Sinop","Thousand","Urban wastewater collecting system",":",""
"2013","Samsun, Tokat, Çorum, Amasya","Thousand","Urban wastewater collecting system",":",""
"2013","Trabzon, Ordu, Giresun, Rize, Artvin, Gümüshane","Thousand","Urban wastewater collecting system",":",""
"2013","Erzurum, Erzincan, Bayburt","Thousand","Urban wastewater collecting system",":",""
"2013","Agri, Kars, Igdir, Ardahan","Thousand","Urban wastewater collecting system",":",""
"2013","Malatya, Elazig, Bingöl, Tunceli","Thousand","Urban wastewater collecting system",":",""
"2013","Van, Mus, Bitlis, Hakkari","Thousand","Urban wastewater collecting system",":",""
"2013","Gaziantep, Adiyaman, Kilis","Thousand","Urban wastewater collecting system",":",""
"2013","Sanliurfa, Diyarbakir","Thousand","Urban wastewater collecting system",":",""
"2013","Mardin, Batman, Sirnak, Siirt","Thousand","Urban wastewater collecting system",":",""
"2013","Kosovo (under United Nations Security Council Resolution 1244/99)","Thousand","Urban wastewater collecting system",":",""
